repo_path,date,bytes,sha256,source,drive_id,method,title
00_canon/2026-07-21 ledger_patches_proposed_ActiveV2.md,2026-07-21,8270,a999f540d2c8d73d66a5d34efc1f16a0d0a8a734112b9be76dd1161ee8db9ca5,drive,1sxtDXLOYZDZjWbhe92YW_eifs5jzVGEf,drive-base64-exact,2026-07-21 — Proposed ledger patches [ActiveV1]
00_canon/2026-07-22 ot1_delta_EXHIBITION_GRADED_conductor_4000_ActiveV5.md,2026-07-22,10096,aac401e8b269d2e772c11b3ecfee217cb2d9f8d9ca356fbb858299e2dcc9fcd8,drive,1chIOaJDqMLj7B_Z5TTeybPBVeCDQ-Oee,drive-base64-exact,Session Delta — OT1: exhibition executed and externally graded; conductor = 4000; ladder corrected
00_canon/2026-07-25 correctness_patch_bundle_ActiveV1.md,2026-07-25,9628,d909e228798d420e4ea893252164e765538b82792628d5eb3c3be552f460b1e3,drive,1cfXsbDlwHkKzZ90i4IElnXAcZZTH3ESt,drive-base64-exact,Correctness Patch Bundle
00_canon/2026-07-25 foundations_status_block_proposed_ArchivalV1.md,2026-07-25,2899,8b3089c06ee04be05288754966445e90c4189eeb872f81861097352391c3e7f9,drive,14QqRMUJov5HwSvBAXpBjPtw5swHD3XD1,drive-base64-exact,Proposed canon patch: the Foundations Status block
00_canon/2026-08-05 README_ActiveV2 (superseded by the 2026-09-12 README).md,2026-08-05,12106,a5a24f5c9d4c27a62dd544d07c2b42b8c77e3d528fc9779a481cf6be6a79498c,drive,14pJmITytGpDTSmSNaXDHvHaHM__9do4f,drive-base64-exact,The TEP Archive
00_canon/2026-08-05 TEP_Corpus_Catalog_DeltaV2 (front sheet only).csv,2026-08-05,4004,0eabbc171514451f7199e165cae894ebb3aaa3c13713cb770cc14ac8b1f5b3a6,drive,1InCjNdHEycEqh0mKNTtbM-S80FESiC7AfC4KFyZEWLM,drive-sheet-export-csv,
00_canon/2026-08-05 TEP_Repository_Arch_ActiveV2.md,2026-08-05,16490,d2ce49cc8ce19c2640bc94b643c7cc4139b6b500d07318982204a55d16ffcdd2,project:arch/TEP_Repository_Arch_V2_20260805.md,,project-mirror-exact,The TEP Repository Architecture — V2 (ActiveV2)
00_canon/2026-08-05 UPLOAD_NOTE_delta_catalog.md,2026-08-05,1414,7b5245a17eb9dbc8b867633e1806e96c84a7549eeba9b5f8b90269faa2e37631,drive,1dMD4zg2CyefeW7bVVWqyxXqP9cGakWoN,drive-text-route-exact,Upload note — delta catalog files (2026-08-05)
00_canon/2026-08-05 spine_V3_present_first_and_stamp_kit_DraftV1.md,2026-08-05,14027,ea94f5222dbc8ca3e025141894a88fb6bee7e2ab74c35c7dcd6d741cf9969cd4,project:arch/spine_V3_present_first_and_stamp_kit_DraftV1_20260805.md,,project-mirror-exact,"Spine V3 (present-first) + Stamp Kit — DraftV1, 2026-08-05"
00_canon/2026-08-09 assessor_review_arch_spine_readmes.md,2026-08-09,16854,be3b35f939cc9551f1ef2ab4e97887027236b61d2760989075a68fc7b4845a3e,drive,1qcoHM7DYlaZ2f4QiwH7d7ceQYMzZPpz-,drive-text-route-exact,"Assessor review — Arch V2, Spine V3, the READMEs, and the DeltaV2 catalog, against the corrected frontier"
00_canon/2026-08-09 spine_V4_canon_first_mode_priced_DraftV1.md,2026-08-09,27667,ff00e2f2b9f6965e0396c1474d4940c60ac050e2183f2afba95a46576d7ac59c,drive,1Q1hCExUMVlnrjmA-_zgIvU0MKreSW8HD,drive-text-route-exact,"Spine V4 (canon-first, mode-priced) + Stamp Kit V2 — DraftV1, 2026-08-09"
00_canon/2026-08-26 COUNCIL_general_priority_and_orientation.md,2026-08-26,26560,eabf6d5c6e423e0c30321df24c97c591eadc4d99e5469d385d58e875080bfc03,project:cleanroom/COUNCIL_general_priority_and_orientation_20260826.md,,project-mirror-exact,THE COUNSEL COUNCIL — GENERAL PRIORITY AND ORIENTATION
00_canon/2026-08-27 DEPOSIT_SKELETON_DraftV1.md,2026-08-27,7536,e1e2059f6c891bbfda96b60b7af232c814b757eb3696bd09e89105b165ff6fd8,project:cleanroom/DEPOSIT_SKELETON_DraftV1_20260827.md,,project-mirror-exact,"DEPOSIT SKELETON — DraftV1, for Will's review"
00_canon/2026-09-12 errata_and_status_index_2026-07-25_to_2026-09-12.md,2026-09-12,22080,831416b28a86e6518f5763f24950b57126cf7ad3c1b12c009b3124b968f95ce9,this-commit,,written-2026-09-12,Errata and status index — the dated layer 2026-07-25 → 2026-09-12 (assembled 2026-09-12)
00_canon/README.md,,2288,0b3812e3570bda6eef6becd20054e759ee0da0248fdbb5b6f1bc67c870527296,this-commit,,written-2026-09-12,00_canon — The current authoritative layer
2026-08-05 catalog_delta_master_ActiveV1_1.csv,2026-08-05,33483,30d47615811a9d6255702d4d01120e5b47fe6cf98df7c9249eb5f12bd96e1a13,drive,1vab5cUvf3bqrH8aKbe8pND9ucGl2UQJ8,drive-base64-exact,
20_records/2026-07/2026-07-23 ot1_delta_8000_rerun_nonreject_ladder_provenance_closed_ActiveV1.md,2026-07-23,6476,e4dccb867494f19122ae9e992e42b64fa653b6b9441bcac30b9bc2a89d5c8f0e,drive,1Ycb1NoAv1CdqlSpLAVrcZ5aTTd8Gwfrc,drive-base64-exact,Session Delta — OT1: 8000 rerun NON-REJECT; the 07-04 exclusion falsified by execution; ladder provenance closed
20_records/2026-07/2026-07-24 carrier_rung3_R34e_opened_qface_closed_depth_capacity_shape_computability_Delta3.md,2026-07-24,11352,9e14e44b9b67da42716c116480c4a9c7522a7df78deb23f9576a3640d383f120,drive,1FLYv2Mhe1_dNYFffa8P6IisZVib0M2aA,drive-base64-exact,"Carrier Rung 3, Delta 3 — R3.4-e opened: the q-face closed at every resolution; the key extended and split for blind grading; χ-as-depth modeled with two verified instances; capacities, shape, and the"
20_records/2026-07/2026-07-24 carrier_rung3_dihedral_floor_executed_key_frozen_Delta2.md,2026-07-24,9908,0cd6012f3cd295bc8f914929d677285969a6817b1e783e6f89d1ff52b4c73100,drive,14s7lKZ-QJ1sKIPyLdZOzbMU4gU09cUEv,drive-base64-exact,"Carrier Rung 3, Delta 2 — R3.4 floor executions: the boundary-null theorem exhibited, the deck tower computed exactly, the grading key FROZEN before any evaluator exists; the multiplicity structured; "
20_records/2026-07/2026-07-24 rung3_R34_SUCCESS_reduction_flow_carrier_locator_family_ActiveV2-Delta4.md,2026-07-24,10206,c5185474ebccb708296eb2e21d8df543ed96bf1c7ea7f26bf38ffa4e808c65ef,drive,1VHZSOzVoex5nlKLUsKR9qSf4Zgp-8gIy,drive-base64-exact,"Carrier Rung 3, Delta 4 — R3.4 SUCCESS at the dihedral floor: the value register carries, and the carrier is the reduction flow itself; the locator family generalized; the non-abelian machine model an"
20_records/2026-07/2026-07-24 rung3_R34_SUCCESS_reduction_flow_carrier_locator_family_ArchivalV1-Delta4.md,2026-07-24,10337,57ed7c1e7df97a0cedd4e572824d032c7a9cd0ececd8e06008fcfbf97193e8cd,drive,1hHU-nujRB5cvmoF7p028nUcagHaqFP5OfB64FdFYz-Y,drive-gdoc-export-markdown,"Carrier Rung 3, Delta 4 — R3.4 SUCCESS at the dihedral floor: the value register carries, and the carrier is the reduction flow itself; the locator family generalized; the non-abelian machine model an"
20_records/2026-07/2026-07-24 rung3_TEP_characteristic_pass_guide_verdict_Delta5.md,2026-07-24,9415,a7b12815222841aef92e92887d91debf51f525914382c99686281fb2a662977c,drive,1fcDyZNPhw905AERW4oz5LKe9FQzwwd5b,drive-base64-exact,"Carrier Rung 3, Delta 5 — the TEP-characteristic pass: the skeleton audited, five hypotheses minted (one killed same-hour), the locator's second floor verified, and a scoped guide-grade verdict"
20_records/2026-07/2026-07-24 rung3_foundational_regrounding_axiom_starred_family_GMC_doppler_Delta7.md,2026-07-24,10654,9a2e808bd2e28f73914b4cec562d9af97c056decc3d39fc52f82f40bfa28b734,drive,1Z4PLDvj9Uib2dnnkfgKbGwImgUrRTKSV,drive-base64-exact,"Carrier Rung 3, Delta 7 — the foundational re-grounding pass: the axiom chain as derived; the starred family disambiguated (and the silver chain identified as the π/8 port); GMC's martingale pair as t"
20_records/2026-07/2026-07-24 rung3_langlands_through_the_cascade_why_cross_rank_Delta9.md,2026-07-24,9807,8ecfe98db1ceaa5043fe38a55bb1c40e5543c6cdd0da641c117e16e13620e624,drive,1FCe-qKCGqIPgywzm-adiVYDVVBG-xh12,drive-base64-exact,"Carrier Rung 3, Delta 9 — Langlands through the cascade, premise granted: the two sides as the two directions of one morphism, why the correspondence is intrinsically cross-rank and cross-depth, and t"
20_records/2026-07/2026-07-24 rung3_opening_graded_ribbon_run_DraftV1.md,2026-07-24,14890,c97c925b7a2987cbea31e56b7f642268eb0d84024b5fcc7c72566015507b2df5,drive,16hYL3XVulm5AGY01NUTtQMk-9CXdSdtt,drive-base64-exact,"Carrier Campaign, Rung 3 Opening — the Graded Ribbon Run: the recorded decider, executed against its answer key"
20_records/2026-07/2026-07-24 rung3_reactive_crossings_parsimony_audit_crossing_grammar_Delta8.md,2026-07-24,7604,87d48ebcef09de0c31c989df695e04c9fbf419ce81c4ec89a671aa9ab4534320,drive,1MVz3uGWWL9rQbOC-OzYOWFPJf4T8oyWG,drive-base64-exact,"Carrier Rung 3, Delta 8 — the reactive-crossing representation: reconstructed, verified, parsimony-audited; the crossing grammar as one zero-shape-parameter structure in four registers"
20_records/2026-07/2026-07-24 rung3_skeleton_native_pass_port_budget_calculus_Delta6.md,2026-07-24,10892,7a9a5b364ab499a38222a68360c4d1ef54f7ccc9305c18b33128e34b954aa486,drive,1uIE1EQmk_YK3Tqw28x4wIWRObnJFVheR,drive-base64-exact,"Carrier Rung 3, Delta 6 — the skeleton-native pass: the budget calculus computed at the ports; G, G_new, capacity, and the ensemble laws; the moment locator; rank translation; what ""new content"" now m"
20_records/2026-07/2026-07-24 rung3_torsor_upgrade_crossing_table_field_layer_closed_Delta1.md,2026-07-24,8202,667b37e7d56dc63c435c4f7a8a3454b05fb512c1464649b09fe853c9aa49c1df,drive,1k4N3K4752ygpqEvrInnIt-XmAdf18AOy,drive-base64-exact,"Carrier Rung 3, Delta 1 — the torsor upgrade (Will); the crossing table computed; the field layer CLOSED by A₅'s simplicity; the fork sharpened to the deck"
20_records/2026-07/2026-07-24 session_consolidation_third_review_and_rung3_handoff_ActiveV1.md,2026-07-24,8439,7f0e73d2661ae30735e348970b19ce81aaf182a2ade386dd93826e098c5d254b,drive,1FbnPYbaAM7nEgGqE2WSynr_k-Qq2mkLboObvYFD-rYo,drive-gdoc-export-markdown,"Session Consolidation — the Third-Review Session: independent verification, the Rung-3 arc (Deltas 1–9), frozen pre-registrations, and the handoff \[ActiveV1\]"
20_records/2026-07/2026-07-25 20260724 asides_log_entry_third_review_to_rung3_close.md,2026-07-25,6059,83b21a7940d36342ada1b757c3bb51204a0ba9a59a4055919e42eff4629cfe30,drive,188ahU8Ljz1waH28lCDkaVcGrGOKi22xQ,drive-base64-exact,"Asides Log — 2026-07-24 Session Entry (third external review → OT1 re-grade → carrier rung 3, Deltas 1–9 → consolidation and handoff)"
20_records/2026-07/2026-07-25 20260724 session_consolidation_third_review_and_rung3_handoff_ActiveV1.md,2026-07-25,8357,962c69b56a9183c6afb74fe6bb93cfbcaf601caa7fcb284e1c48b10f10e9c04c,drive,15qmMNiOYqskPoX8HxaD5utqfauffMeTK,drive-base64-exact,"Session Consolidation — the Third-Review Session: independent verification, the Rung-3 arc (Deltas 1–9), frozen pre-registrations, and the handoff [ActiveV1]"
20_records/2026-07/2026-07-25 20260725 Oa_rung3_opening_Hstar_frame_democracy_DraftV1.md,2026-07-25,6797,fef7cc4d7794b14e7291088833efee4ffaa30040025507df6f3a30d00fa327cd,drive,1D-DzZQJSaiKqUbsZ7bGIoOOzxPOKvd7h,drive-base64-exact,"O-a, Rung 3 Opening — the (H*) derivation attempt, pre-registered: frame democracy, two routes, the circularity trap named, and the flat-cylinder test as standing discipline"
20_records/2026-07/2026-07-25 20260725 Od_rung2_quantum_walk_stinespring_two_generators_DraftV1.md,2026-07-25,6869,2b0553251c3b9d00ceb9d41c5e4c7c248a9213f5870d4002860b644d5a6c0285,drive,1MJknnEzgcFcDGxWo28kGrfVxtrJNxh2f,drive-base64-exact,"O-d, Rung 2 — the quantum walk, executed: Stinespring closes the class from the same two morphisms; the adjoin-invisibility IS the homogeneity lemma (third appearance); quantum O-d discharged modulo t"
20_records/2026-07/2026-07-25 20260725 carrier_rung4_eigencurve_locator_preregistration_brief_DraftV1.md,2026-07-25,7664,f252962c26c4983872c3b270d71152ee4655bbcc7987067b3f9ec480e255bed2,drive,1HsvGbJUF41DYcMQGfl_dzCJo607ux_-S,drive-base64-exact,"Carrier Campaign, Rung 4 Pre-Registration Brief — the Eigencurve Terminal-Locator, Executable Spec (with one parity correction to Delta 5 §5)"
20_records/2026-07/2026-07-25 20260725 tsp_pnp_port_budget_reading_preregistered_experiments_DraftV1.md,2026-07-25,15339,c61474513c76630ebe2349b20edfcddfc21e2b0c7f25226f90527cb41c85deac,drive,10kRJitmU7aMlYzXFwDvOK67YHkDyB7SC,drive-base64-exact,TSP and P ≟ NP Through the Port/Budget Chart — Problem Pin + First Pre-Registered Experiments
20_records/2026-07/2026-07-25 20260725 tsp_port_budget_Delta1_bdeg_silver_graze_priced.md,2026-07-25,3838,7c1f346cdc3899600791b385ab6aa68a8ce6f2b6041bb1009f33371f43997857,drive,1tXi06ZubC_VkdzybemhXKPkOg4j8mSSK,drive-base64-exact,"TSP Port/Budget Record, Delta 1 — the B_deg/OPT ≈ 0.8284 graze vs the Liu/silver pair: priced and parked [pun], with the kill recorded"
20_records/2026-07/2026-07-25 20260726 carrier_p2_Delta1_primitivity_from_emission_center_break_one_bit_DraftV1.md,2026-07-25,7605,4109802f480c7d03b4ee48c52b27f17b0da88e2dcfa7b34b1b5ffabd698edfb5,drive,1tSMV2QCUeXRpB1_LiVvhC3o8W084rZsP,drive-base64-exact,"Carrier / p2, Delta 1 — Primitivity at 2 Derived from Emission; the Wild Structure Pinned Census-Free to One Half-Integer: the Break of the T² = −id Layer"
20_records/2026-07/2026-07-25 20260726 rough_register_levy_area_freezing_commutator_read_DraftV1.md,2026-07-25,9927,18a075d780edda4c6ada5b5359e3c16defa17e7bf8509e7c733b41e5017513a0,drive,1NZiGML_6yJlQDjhOEyWNiIny6o6R1y9o,drive-base64-exact,"The Unstructured Register, First Graded Pass — Lévy Area as Carried Mode, the Transport-Dressed Commutator Read, and Cascade Freezing as Budget Saturation"
20_records/2026-07/2026-07-25 20260726 trace_form_Delta3_tame_marking_law_derived_equality_falsified_DraftV1.md,2026-07-25,9483,9ea9ff94727d61754cbe721454951c14273057bb56fae4ff0b5e9a9c88326456,drive,1rVxvGktTG1ZUL-GAJ4whBpiy2J-uH4da,drive-base64-exact,"Trace Form, Delta 3 — the Marking Rule DERIVED at Tame Places; the Recorded Equality FALSIFIED by Constructed Specimens and Replaced; the Dyadic Mark Forced by Reciprocity"
20_records/2026-07/2026-07-25 O-d_rung1_markov_factorization_two_generators_DraftV1.md,2026-07-25,8252,ffaf7048a748795f3fa28b4bb13130e6899ee30c178e291c36298bc5811eccef,drive,1pPH4lVcX7-KwkdZr6oGTdb1ikavC51vl,drive-base64-exact,"O-d, Rung 1 — the two-generator factorization: Markov structure as the closure of the axiom's own operations; O-d reduced to one framing decision plus the quantum walk"
20_records/2026-07/2026-07-25 asides_log_entry_fourth_review_session_ActiveV2.md,2026-07-25,10361,227a600f7d4d1b1a7155d3ba282d06f7e4d19dc5e12fe088b7a0daddcaaca34c,drive,1hLlPY5mS-BguGrX4UprcXhgPqbsuW8iC,drive-base64-exact,Asides Log — 2026-07-25 Session Entry (fourth review → rung-3 replication → two framework answers → the vocabulary corrections → O-d rung 1)
20_records/2026-07/2026-07-25 asides_log_entry_fourth_review_session_ArchivalV1.md,2026-07-25,9325,ef489c2b3ce65dc3dc3b0e54879eaeb85ac7fba280cae3f87fd239bba70c48d7,drive,1_S6cirsSeHG4ptk6Jie15F4ojGvvkedN,drive-base64-exact,Asides Log — 2026-07-25 Session Entry (fourth review → rung-3 replication → two framework answers → the vocabulary corrections → O-d rung 1)
20_records/2026-07/2026-07-26 ASIDE - Continuation-Session.md,2026-07-26,8918,4081f091403d263c0acf7afafc9959bb58c89b05c12b6d4790003f673ca39a0b,drive,16WS3WJ31zlVvkw0IOGLYT2-YiRHltia8lOn7HgmRWqE,drive-gdoc-export-markdown,\# Asides/Consolidation Log — 2026-07-26 Continuation-Session Entry (b \= 3 adjudicated → μ-floor falsification → Weil-route inspection → ε-ledger → (H\*) → run
20_records/2026-07/2026-07-26 Carrier ⁄ p2 — b = 3 CLOSED.md,2026-07-26,4323,6d155de2fe9023a340dbcd2cffe81a8157bb56454f063c0de0a1c19cfd5de65d,drive,1j-SQ3KT6gEBwJ8F6xj1UfXcaMlrdODllY_7AeGTcY-g,drive-gdoc-export-markdown,\# Carrier / p2 — b \= 3 CLOSED: Adjudication Stamp (countersigned)
20_records/2026-07/2026-07-26 O-a Rung 3 EXECUTED.md,2026-07-26,12325,0b5c350622c2900631684204efcffa8dbfc1aacd5580000bc7eb5270ee9b9e0b,drive,1PaeJDY6HwyEWraxvpa1GjLnqAmesOUYp1lTNwAYawYc,drive-gdoc-export-markdown,\# O-a Rung 3 EXECUTED — (H4) Closed by a Third Route: the Fiber Dichotomy. The Flat Cylinder Dies by the Corpus's Own Single Axiom; the Residue Named Exactly
"20_records/2026-07/2026-07-26 Rung 4 — COMMITTED CENSUS OUTPUT, χ₁₂ branch.md",2026-07-26,3532,154e921eb9001247dd92497bf17ba4b42b27eb1f754f5fae5105150cca43aa61,drive,1ADcdnE58vjayilPqOPByOuQTd1RBEnK6FEaQYJxKsJk,drive-gdoc-export-markdown,"\# Carrier Rung 4 — COMMITTED CENSUS OUTPUT, χ₁₂ branch (lodged before the key opens)"
"20_records/2026-07/2026-07-26 Rung 4 — GRADED, χ₁₂ Branch: SUCCESS..md",2026-07-26,5530,f41e4fcd9c3c4b94634d2ed788ac17c8a002a9abccc53ded4168a3df4de09902,drive,1ckV0Hgs8xyIg9nVBgVFYUc_sXU-cFsWaFQT3XvX4-Gs,drive-gdoc-export-markdown,"\# Carrier Rung 4 — GRADED, χ₁₂ Branch: SUCCESS. The Icosahedral Eigensystem Produced from Weight-2 Data Under the Answer-Free Protocol, Matched at All Four Emb"
20_records/2026-07/2026-07-26 Rung 4 — Stage 1 EXECUTED.md,2026-07-26,3765,46cdb80387dfe09635172c28b9ce1d05779311faa76a5c8555989d3f5f2e71ed,drive,19yOSkVVIjARi0Sj8RY50DlklDtCQ18JAAgrFQfjVr7A,drive-gdoc-export-markdown,"\# Carrier Rung 4 — Stage 1 EXECUTED: K3 Blown Open, K1 Does Not Fire. The Ordinary Census Is Alive: 176/384 on Both Branches"
"20_records/2026-07/2026-07-26 Rung 4 — χ₆₀ Branch SUCCESS; K2 DISCHARGED, BOTH BRANCHES.md",2026-07-26,4473,87f706f4252288de880fc165fa979171c65e7db5a97ce716f367afa0506b8feb,drive,1gVwEzHsbxXdqlCU87C1V6m6b1afCNWNsB9OB7eoFQsg,drive-gdoc-export-markdown,\# Carrier Rung 4 — χ₆₀ Branch SUCCESS; K2 DISCHARGED IN DISCRIMINATING FORM ON BOTH BRANCHES; the Sixth Prime Confirms by the Zero-Class
20_records/2026-07/2026-07-26 Weil-Route Inspection.md,2026-07-26,5015,debb921601461de78fcd6520fd6accec48c7f0565568ea5a948d77cf01a7b099,drive,1xFi2TJnDfcgfATQzZRAe0u27vGdIr9u6GIHGwXGQDC4,drive-gdoc-export-markdown,"\# Weil-Route Inspection — the Classification Confirms the {5, 6} Fork Exactly and Refutes Census-Free Elimination: the One Bit Is the χ₈-Twist"
20_records/2026-07/2026-07-26 black_hat_charge_analytic_boundary_reads_the_center_DraftV1.md,2026-07-26,8529,57b3a618964774e9d70d377a4bc5cbb55ba80215eff416fc548d0aa4be1421e0,drive,1BlsMn4K-SGqaa7pXDKluyWUeT_pR4VNN,drive-base64-exact,"The Black-Hat Charge — The Analytic Boundary Reads the Center: ε as the Parabolic Observer's Bit, the Interval as Universal Seam Window, and Where Open #8 Actually Resolves"
20_records/2026-07/2026-07-26 ε-Ledger Pre-Registration.md,2026-07-26,5516,003bd2e8e2cd6842574ecc0ea25fd74645064f63e4c90f5600b817a0bc45c7bd,drive,15yS7pYyyqrsYIBA1hOyuHrZhsEAe3C8IOrSLHbDqIMA,drive-gdoc-export-markdown,"\# The ε-Ledger Derivation — Pre-Registration (lodged before computation), with a Correction Stamp on This Morning's Parity \[C\]"
20_records/2026-07/2026-07-26 ε-Ledger Results: Both LANDED.md,2026-07-26,9464,68e5ec92c07cee3897ae52a28e9dfa33c0b400d447d2b7cbe72291ec433d06f1,drive,1gyD7sdsGFJ4jKaJWbCzetrHwPIKez9L0fuEeKmZSMQ8,drive-gdoc-export-markdown,\# The ε-Ledger Derivation — Results: Both Components LANDED. The Marking Ledger Computes Root Numbers; the Twins Are Phase-Split by Exactly e^{−iπ/4}; the Carr
20_records/2026-07/2026-07-26 μ-Floor Phase-Law Test.md,2026-07-26,7451,688a5297483f219332fabfb154a53dc94109ef83fddcf948e73632b466c1adbc,drive,1re9aNDxi1Qrsj4WiDtmnaSpo09PIGoUcnoRl_5a4zP4,drive-gdoc-export-markdown,"\# μ-Floor Phase-Law Test — Results: Instrument PASSES, L-frac FALSIFIED, G\_new \= Λ Identification Dies With It"
20_records/2026-07/2026-07-27 ASIDE_Cleanroom_blind_replication_rung4.md,2026-07-27,13698,8db24c7c20112c8c78afab4821222d842a75b796404c10456b5beba1f033af84,drive,1tEaN5vI3qPyYauPOoc3L9ijjUxSUMQj0q_7oiZmyX3g,drive-gdoc-export-markdown,\# 2026-07-27 — Clean-room blind replication session (rung 4\)
20_records/2026-07/20260724_asides_log_entry_third_review_to_rung3_close.md,2026-07-24,6099,ff67bcdd873ee91ebbf5ad9d21e9ed426f527bd5b8ef8435326a92c078846c0d,drive,1zCLSWvuuY5rnRHThJwzZUjKuadf2IIfR8WM_3Oe-n80,drive-gdoc-export-markdown,"Asides Log — 2026-07-24 Session Entry (third external review → OT1 re-grade → carrier rung 3, Deltas 1–9 → consolidation and handoff)"
20_records/2026-07/20260724_session_consolidation_third_review_and_rung3_handoff_ActiveV1.md,2026-07-24,8439,7f0e73d2661ae30735e348970b19ce81aaf182a2ade386dd93826e098c5d254b,drive,1FbnPYbaAM7nEgGqE2WSynr_k-Qq2mkLboObvYFD-rYo,drive-gdoc-export-markdown,"Session Consolidation — the Third-Review Session: independent verification, the Rung-3 arc (Deltas 1–9), frozen pre-registrations, and the handoff \[ActiveV1\]"
20_records/2026-08/2026-08-01 Charge_Brief_2_Selberg_Eigenvalue_Conjecture_Seam_Passivity.txt,2026-08-01,16356,524b01ebb125b29b9864abdcd1f3a0820a35a5a9f12a7e582952bd35e6ca4ebe,drive,1m4SDEXQg4SXeUnZ3JhCCVo3MGThsK_rB,drive-base64-exact,Charge Brief 2 — Selberg's Eigenvalue Conjecture as Seam Passivity
20_records/2026-08/2026-08-01 tep_archaeology_appendices/01_archaeology/2026-08-01 correction_record_archaeology_report_ActiveV1.md,2026-08-01,11799,c16a1a267e283e1a709b5c778115af9c9aee599f6edad813efaf3b7fac2ced2d,drive,18YYz5A-m5sjfiljppMNIXk0ezA8G7kZV,drive-text-route-exact,Correction Record — TEP Archaeology Report (DraftV1 → ActiveV2)
20_records/2026-08/2026-08-01 tep_archaeology_appendices/01_archaeology/2026-08-01 tep_full_archaeology_report_feb_to_present_ActiveV2.md,2026-08-01,54595,b28e1212d4f9cd7b8fe3f91ae344fd7e988f38e485d800c1995460380c84695b,drive,1OG3712sPihdgisJcHSNDvhGWccJ99MOc,drive-text-route-exact,"The TEP Corpus, Excavated: Foundations, Corrections, Losses, and What Deserves Another Look"
20_records/2026-08/2026-08-01 tep_archaeology_appendices/01_archaeology/ARCHIVAL_2026-08-01 tep_full_archaeology_report_DraftV1.md,2026-08-05,48088,19d95ee1906b749a3d312267127a86be073629a275137fd7f614d54208e31148,drive,1KLBrLkVdl-uoIH1Pv2ICVmLR3Yw8nxjF,drive-text-route-exact,"The TEP Corpus, Excavated: Foundations, Corrections, Losses, and What Deserves Another Look"
20_records/2026-08/2026-08-01 tep_archaeology_appendices/01_archaeology/appendices/appendix_ADJ_reconsideration_adjudication.md,2026-08-05,46481,df78b6a11e81a667b8780ef2664d289fe464a8cfeb25244237fbd32e9317f955,drive,1HQJr3qW9Z3_Z5E8vDVCYTCho4OgVq6-v,drive-text-route-exact,ADJ — Master Adjudication of Historical Reconsideration Candidates
20_records/2026-08/2026-08-01 tep_archaeology_appendices/01_archaeology/appendices/appendix_VER_citation_audit.md,2026-08-05,22502,fbdbfda9e1e0f29ca3cd665cfe1d5c1681c8e1c63f7e3f1f5705d956c1a99f90,drive,1Pm6McpkpmfCVYnk03eNP1BZlPaK1PqJg,drive-text-route-exact,VER — Independent Citation-and-Quote Audit of Memos W0–W5
20_records/2026-08/2026-08-01 tep_archaeology_appendices/01_archaeology/appendices/appendix_W0_foundations_reachback_memo.md,,47310,c7d967697477bb7296a3620f9fd4c9709a1ddd376efe0dfdc48aafd97936fdf0,drive,1p6-G94EwG43JWk9vN0RsxKr6BN5245YS,drive-base64-exact,W0 Memo — Foundations Reach-Back (origins → 2025-12-31)
20_records/2026-08/2026-08-01 tep_archaeology_appendices/01_archaeology/appendices/appendix_W1_jan_feb_confident_synthesis_memo.md,2026-08-05,48209,738aeca5da16ecca447cfad0ecb52e8bade90713a96ca53394fb0015c6ca68bc,drive,1gGTTqwMQeUx0F8Is77MHuMCTzwrqxLCV,drive-text-route-exact,W1 Memo — January–February 2026: The Confident-Synthesis Era
20_records/2026-08/2026-08-01 tep_archaeology_appendices/01_archaeology/appendices/appendix_W2_feb_apr_march_gap_v2_pivot_memo.md,,52858,fda4e51f228b85804ad1052bde199ee32a38b811fb0e0e8f5ec34ddf77c05cbc,drive,1mC_NWg3Zvpta1ZjRFxgYCMLfQTsGGjHD,drive-base64-exact,W2 Memo — Late February–April 2026: The March Gap and the V2 Pivot
20_records/2026-08/2026-08-01 tep_archaeology_appendices/01_archaeology/appendices/appendix_W3_apr_may_adversarial_pivot_memo.md,2026-08-05,49717,cf507948e0a52ad61f2404e30e63167d495b9bd0ac7d4f6c716bfa7bd2309fd5,drive,1R0f4ctgDqkxHOaOtUGeeasChTEKizhju,drive-text-route-exact,W3 Memo — Late April–May 2026: The Adversarial Pivot and the Corrections Engine
20_records/2026-08/2026-08-01 tep_archaeology_appendices/01_archaeology/appendices/appendix_W4_may_jun_errata_langlands_memo.md,2026-08-05,55801,e0d4b166df07ce98e3088784547bef86ce65c464e19e24610de922e157cfda0d,drive,1nLfqAY9nduosKNv97fNXwcFVBT6gf7uI,drive-text-route-exact,"W4 Memo — Late May–June 2026: The Errata Regime, the Foundational Reorganization, and the Langlands Onset"
20_records/2026-08/2026-08-01 tep_archaeology_appendices/01_archaeology/appendices/appendix_W5_jun_jul_frontier_baseline_memo.md,,48211,4e51921af571e082b6edeedadcf090ced1666141df501666abe0e54e9b144720,drive,1ABxqkFQxBC9T0nCacMMLC2YX0TtxLUdp,drive-base64-exact,W5 Memo — Late June–July 2026 Frontier (Adjudication Baseline)
20_records/2026-08/2026-08-01 tep_archaeology_appendices/02_charges/2026-08-01 charge_brief2_selberg_seam_passivity_DraftV1.md,2026-08-01,16245,a35090be63da152ec2b8fc1cb20f41980337208bb053ebec1bc29abdca3bac74,drive,1WMD_bXctT1WAMOd9n6XDN95zqln2lTjJ,drive-text-route-exact,Charge Brief 2 — Selberg's Eigenvalue Conjecture as Seam Passivity
20_records/2026-08/2026-08-01 tep_archaeology_appendices/02_charges/2026-08-01 charge_brief_crouzeix_closed_boundary_budget_DraftV1.md,2026-08-01,32241,46a9a3b5746f593c657c89f9cf0d245be90f3ba5560da73de97f5d7527fde9e4,drive,1TYmSwGVLZ38yOb2FHbRdonGEEhScjhsv,drive-base64-exact,Charge Brief — Crouzeix's Conjecture as a Closed Boundary Budget
20_records/2026-08/2026-08-01 tep_archaeology_appendices/02_charges/2026-08-06 charge1_crouzeix_Delta5_disk_reduction_and_healing_DraftV1.md,2026-08-06,13760,17d38131fcc6ad58ad7de412649194dd010d470f36de5bb8ff6c2ac5bd1bc68d,drive,1ybyr0IVw76IIiE4kLTr-39efdc5Hgu1x,drive-base64-exact,"Charge 1 (Crouzeix) — Delta 5: the disk reduction, the 2×2 counterexample, and a corrected healing profile"
20_records/2026-08/2026-08-01 tep_archaeology_appendices/02_charges/ADDENDUM_coherence_ladder_and_the_missing_gain_20260813B.md,2026-08-13,6636,caa394b5790bbb20a7b0547b30b20449671514fbc049f9e95b01fb49bce62b2f,drive,1H7-t5uNNi4uGB8Qpeb6eJFvAccQB50tJ,drive-base64-exact,"ADDENDUM — the coherence ladder: the one-power criterion in budget coordinates, and exactly why the measure layer cannot close it — 2026-08-13 (session B)"
20_records/2026-08/2026-08-01 tep_archaeology_appendices/02_charges/ARTIN_stab_entirety_reduction_and_pole_ledger_20260810.md,2026-08-10,13418,4df36e1c476cd3a3a9b730bdd571763de923aff79262410e10f7957e40a772ba,project:charges/ARTIN_stab_entirety_reduction_and_pole_ledger_20260810.md,,project-mirror-exact,"A DIRECT STAB AT THE ARTIN CONJECTURE AT DOUD-1951 — the entirety reduction, the exact pole ledger, and the wall map — 2026-08-10 (session B)"
20_records/2026-08/2026-08-01 tep_archaeology_appendices/02_charges/CLOSURE_composite_even_icosahedral_1951_20260811B.md,2026-08-11,12257,818b713f33784436355975ffef9229b9bd81fbf9d642aed7f3be9f7cbdb0b748,project:charges/CLOSURE_composite_even_icosahedral_1951_20260811B.md,,project-mirror-exact,"CLOSURE — the even icosahedral correspondence at 1951: the composite statement, the cross-session replication, ε derived, and the exact distance to the seam — 2026-08-11 (session B)"
20_records/2026-08/2026-08-01 tep_archaeology_appendices/02_charges/ERRATUM_PF_chain_misconstruction_20260806.md,2026-08-06,5956,8b9f140af0a67be8b7d9c0096ad2118745e51d52708ea552c20f12c2da44cd6a,drive,1c4eBfXg-xv499oxqs5snBoIKeIvSrr07,drive-text-route-exact,ERRATUM — P-F tested a chain step the corpus does not assert
20_records/2026-08/2026-08-01 tep_archaeology_appendices/02_charges/ERRATUM_mode0_is_not_the_parabolic_port_20260813B.md,2026-08-13,5478,c2566399fb30289f69baecaf229f29490ee275f9efb7a6eb7f1a7a7112e71d1b,drive,1zhGZCkV0CvNtzrOhCuYAeglg7WglVP-Z,drive-text-route-exact,"ERRATUM — ""the parabolic port measured empty"" is withdrawn: mode 0 is not the port, and the port is not empty — 2026-08-13 (session B)"
20_records/2026-08/2026-08-01 tep_archaeology_appendices/02_charges/EXACT_articulation_maass_1951_20260809B.md,2026-08-09,16396,aa6842291c3b06b85e2825b3b6078f33da3d98a02dcd64ddda91605bf3be6142,project:charges/EXACT_articulation_maass_1951_20260809B.md,,project-mirror-exact,"EXACT ARTICULATION — the Doud-1951 Maass form, written down formally, explicitly, and exactly — 2026-08-09 (session B)"
20_records/2026-08/2026-08-01 tep_archaeology_appendices/02_charges/PF_run1_RESULT_falsified_20260806.md,2026-08-06,6382,75fd681aa5cdb724406e777dddd9dbc86a8a43db894f6bf90e724f2d0d5b2beb,project:charges/PF_run1_RESULT_falsified_20260806.md,,project-mirror-exact,"P-F run 1 — RESULT: **FALSIFIED.** K-F1 fires. (And the instrument passed, which makes it worse.)"
20_records/2026-08/2026-08-01 tep_archaeology_appendices/02_charges/PH_run1_RESULT_inconclusive_20260806.md,2026-08-06,4902,97c61d3786953299aa17dc23f1bbc85a826d65980751168fbf509819117e5b56,drive,1zr6SKX3V40g_MnbozRLcXBDVevvS4p6n,drive-text-route-exact,P-H run 1 — RESULT: INCONCLUSIVE under K-H2. No verdict issued.
20_records/2026-08/2026-08-01 tep_archaeology_appendices/02_charges/PREREG_healing_exponent_universality_20260806.md,2026-08-06,7689,a7ab639b72927a0796182ad121b03ad701546a11e8429b9cb15b75508cc0d59e,drive,1fXDatYVLeGd1sH6zWIcfqtLjPLNGC4qQ,drive-text-route-exact,"PRE-REGISTRATION — Crouzeix healing-exponent universality (Charge 1, prediction P-H)"
20_records/2026-08/2026-08-01 tep_archaeology_appendices/02_charges/PREREG_layer2_AMENDMENT1_algebraic_closure_20260806.md,2026-08-06,5579,9636961e006742c24988ce98be60bd58ed91c5d62cdceedf024eb354f13f9706,project:charges/PREREG_layer2_AMENDMENT1_algebraic_closure_20260806.md,,project-mirror-exact,"AMENDMENT 1 to P-U — closing §8.1 at a stated bound, in the negative or otherwise"
20_records/2026-08/2026-08-01 tep_archaeology_appendices/02_charges/PREREG_layer2_passage_control_audit_20260806.md,2026-08-06,10727,4793e8df71b6248795521e58eace539e4aab61b56ddb1b1add7f19415abe81d1,drive,1jl6JE3pYVP_sLieI92o9FW7tV80kkv2N,drive-text-route-exact,"PRE-REGISTRATION — is the A = 2−√2 passage on the R=T locus content, or is it the intermediate value theorem? (P-U)"
20_records/2026-08/2026-08-01 tep_archaeology_appendices/02_charges/PREREG_selfdual_crease_locus_20260806.md,2026-08-06,5620,2b427da780a0d3698da7f3f12343d0b5021eba1f6eef318d983f0ef56ad71c29,project:charges/PREREG_selfdual_crease_locus_20260806.md,,project-mirror-exact,"PRE-REGISTRATION — the self-dual crease locus (Charge 1, prediction P-R)"
20_records/2026-08/2026-08-01 tep_archaeology_appendices/02_charges/PREREG_thinfilm_rung3_RT_peak_20260806.md,2026-08-06,7757,0aec0084d02a4ded0f5ffa14a9fd75bfb202113c8d9e5b3e65aba36f1a4e6e7a,project:charges/PREREG_thinfilm_rung3_RT_peak_20260806.md,,project-mirror-exact,PRE-REGISTRATION — the R=T locus peak is the chain's rung-3 value (P-F)
20_records/2026-08/2026-08-01 tep_archaeology_appendices/02_charges/PR_run1_RESULT_falsified_20260806.md,2026-08-06,5337,d43ffb3e18eee64b062f3985f12ff791e2baaa5bffe5d479ca5419d21dc3c657,drive,1outGqL87e50zkMk8KAdLZUOFF1LdMKtC,drive-text-route-exact,"P-R run 1 — RESULT: **FALSIFIED.** K-R1, K-R2 and K-R3 all fire."
20_records/2026-08/2026-08-01 tep_archaeology_appendices/02_charges/PU_run1_RESULT_layer2_is_the_IVT_20260806.md,2026-08-06,11569,45a58d33118c375b1bcd4a41deac4742229cd3f7de3e033639f2db5e597b71f6,project:charges/PU_run1_RESULT_layer2_is_the_IVT_20260806.md,,project-mirror-exact,P-U run 1 — RESULT: **H-null holds.** The layer-2 passage is the intermediate value theorem.
20_records/2026-08/2026-08-01 tep_archaeology_appendices/02_charges/RESULT_Pt1_FALSIFIED_rapidity_sampling_20260811B.md,2026-08-11,4195,99f0790fb6ceed77ad2b64d83c06ccbcde043b3a5cb31b3cbfef7d756d7499ad,drive,1ed675RUe8ZQWnAGix4Hs3JRVZf44GDOe,drive-text-route-exact,"RESULT — P-t1 FALSIFIED: the rapidity-sampling rule is dead, and the kill teaches more than the claim — 2026-08-11 (session B)"
20_records/2026-08/2026-08-01 tep_archaeology_appendices/02_charges/RESULT_Qt2_matched_basis_rung_law_20260811B.md,2026-08-11,5076,fc2d6d8dd6e90a97be8c8c883907ddbc29eb1bec56c09e37991fda5d08a71606,drive,1GSo71O8v3lUfDZpqxfR50F5KK9c7c2KZ,drive-text-route-exact,"RESULT — Q-t2: the matched-basis rerun; conditioning is monotone in rung, parity lives in the topology, and the Petz frame survives where the design rule died — 2026-08-11 (session B)"
20_records/2026-08/2026-08-01 tep_archaeology_appendices/02_charges/RESULT_horocycle_fourier_parabolic_port_20260813B.md,2026-08-13,7971,318124abd732267469e7108ab43a963be3bc8be10019322ca32d708cd9292ed2,drive,1NNy67mzWrTaFbTlwdBUYVacKLDOPsQ0R,drive-base64-exact,"RESULT — the horocycle Fourier instrument: the parabolic port measured empty, the duality collapse made visible (10⁵ modes → 3), and the conjecture as orthogonality to an arithmetic-free kernel — 2026"
20_records/2026-08/2026-08-01 tep_archaeology_appendices/02_charges/RESULT_incompressibility_law_and_its_breaking_20260813B.md,2026-08-13,8286,cd0a496513117ebe3d42d64c72995826eb63f6cc392becb0cb88f4925c7f069b,project:charges/RESULT_incompressibility_law_and_its_breaking_20260813B.md,,project-mirror-exact,"RESULT — m = √u confirmed as the incompressibility law, its breaking point located exactly at the fold seam, and interval-hardening by holomorphy — 2026-08-13 (session B)"
20_records/2026-08/2026-08-01 tep_archaeology_appendices/02_charges/RESULT_lambda_instrument_run1_zeros_and_ray_fricke_20260810B.md,2026-08-10,7915,3b584d63e981f858e487f1988aa020060046e2788cb1583faf6d894004fafabf,project:charges/RESULT_lambda_instrument_run1_zeros_and_ray_fricke_20260810B.md,,project-mirror-exact,"RESULT — Λ(F,s) instrument run 1 at Doud-1951: ray-Fricke certification, the FE constant on the ray, and the first computed zeros — 2026-08-10 (session B)"
20_records/2026-08/2026-08-01 tep_archaeology_appendices/02_charges/RESULT_one_power_criterion_and_deep_boundary_20260813B.md,2026-08-13,8828,a1297cf207efd23f2f376a62a38bb714d4bba840b2bff8c4aee875e5179abb02,project:charges/RESULT_one_power_criterion_and_deep_boundary_20260813B.md,,project-mirror-exact,"RESULT — the one-power criterion: Artin at Doud-1951 is exactly one power of y beyond the trivial bound; the defect is fold-covariant; and the deep boundary, measured — 2026-08-13 (session B)"
20_records/2026-08/2026-08-01 tep_archaeology_appendices/02_charges/STAMP_thread_diff_corrections_20260815C.md,2026-08-15,3746,b0afbe70dda138cbbf7a1fae4995606d3c0cd96ba486b0f14b57da899047505d,drive,1Kd3S5O3-moDrQhwps7qf4D-9AaY1mq7n,drive-text-route-exact,"STAMP — corrections to THREAD_DIFF_…_20260815C, on Will's same-day read — 2026-08-15 (session C)"
20_records/2026-08/2026-08-01 tep_archaeology_appendices/02_charges/THREAD_DIFF_native_blindness_assessment_20260815C.md,2026-08-15,22621,ba09820aecdc57df162a25cb7487bb7c708f74c44d50b2553918610ab1593e77,drive,141-IPooJ5GdQ3zAkFpK67OQ6GXI-ImYt,drive-text-route-exact,"THREAD DIFF — the two lineages of the Langlands arc, their default reaches, and where each went blind to TEP-native structure — 2026-08-15 (session C)"
20_records/2026-08/2026-08-01 tep_archaeology_appendices/02_charges/VERIFICATION_maass_live_independent_replication_20260809B.md,2026-08-09,5721,8a421d5ac5a6069ea8e4d3e097d25381934deb24f3199a4695b67cdb481a9fa5,drive,1tzZLGUPhLLVaKo1iOYutu6aOjT7O8Mw8,drive-text-route-exact,VERIFICATION — MAASS-LIVE independently replicated on a fresh code path; automorphy extended to the fourth nebentypus value — 2026-08-09 (session B)
20_records/2026-08/2026-08-01 tep_archaeology_appendices/02_charges/adjudication_closing_note_characterization_DraftV1_20260806.md,2026-08-06,14679,b4d6b8a475414173ec656b6e179c45af7d75234ee01a6522f37d5abb50036949,drive,19xDpvm5Msh_IcbjDpVjF9EJ_Xw_JLu3D,drive-text-route-exact,"Adjudication: the 2026-05-29 closing-note characterization, restamped"
20_records/2026-08/2026-08-01 tep_archaeology_appendices/02_charges/brauer_pole_ledger.py,,7860,f69be7b5df1c5fb5bc4ec2ea3319865874504345f366b14d91ad6e9376e6983d,drive,1M-Tsxc3NnD9WUG7zkvjD7Z68XcFaVk4v,drive-base64-exact,
20_records/2026-08/2026-08-01 tep_archaeology_appendices/02_charges/charge1_REASSESSMENT_settled_ground_and_the_actual_frontier_20260806.md,2026-08-06,12007,da6a406a81e80628f99c2fae8d3fb8c2780e5c9b8c6614f09610748f313b1cb9,project:charges/charge1_REASSESSMENT_settled_ground_and_the_actual_frontier_20260806.md,,project-mirror-exact,"Charge 1 — REASSESSMENT: the Crouzeix work is set on settled ground, and the Healing Conjecture is a 2020 theorem"
20_records/2026-08/2026-08-01 tep_archaeology_appendices/02_charges/charge1_crouzeix_Delta5_Addendum1_budget_form_20260806.md,2026-08-06,4936,abf894341681212916eadc80aa8eb449c484133f487e2fd2367e51e7b3fde39e,project:charges/charge1_crouzeix_Delta5_Addendum1_budget_form_20260806.md,,project-mirror-exact,"Charge 1 — Delta 5, Addendum 1: the healing bound in budget form, and which ½ is real"
20_records/2026-08/2026-08-01 tep_archaeology_appendices/02_charges/charge1_crouzeix_Delta5_Addendum2_port_in_budget_coordinates_20260806.md,2026-08-06,8775,4a5a151a8686a0104d0befd214f622d7961b7165c58db21ff3e85898b0acf8e1,project:charges/charge1_crouzeix_Delta5_Addendum2_port_in_budget_coordinates_20260806.md,,project-mirror-exact,"Delta 5, Addendum 2 — the seam port in the budget's own coordinates"
20_records/2026-08/2026-08-01 tep_archaeology_appendices/02_charges/congruence_compass_chosen_bits_20260811B.md,2026-08-11,7105,8effcd2ed94c48fb01c15aa2a99a473a58c10a5d8a98bacb34fe9149877a5e41,project:charges/congruence_compass_chosen_bits_20260811B.md,,project-mirror-exact,"The congruence compass — choosing the bit lost at boundary transgression: the three modular crossings of Doud-1951, verified, and the mod-2 shadow that is provably modular today — 2026-08-11 (session "
20_records/2026-08/2026-08-01 tep_archaeology_appendices/02_charges/crease_functionals_eigenreduction_and_the_5_27_theorem_DraftV1_20260809.md,2026-08-09,11121,a5b9e044cc5c33cafc37757a5ad4fcb70f9af41a852044931dd9406e621996b1,drive,1bkc3-b7Zwp83ku3fnc-0BOBRroCbuB0o,drive-base64-exact,"The two crease functionals — eigenreduction, the register-split theorems, and an exact −5/27 for J₂"
20_records/2026-08/2026-08-01 tep_archaeology_appendices/02_charges/exact_epsilon_certificate.py,,9970,1ae8dc5baab7786eec9119038b4fe5ddba91cbdbea3e61a4bccb13ff0a16d830,drive,194093eAEyrhZ-r1T9-qArIaa6JSs2g9C,drive-base64-exact,
20_records/2026-08/2026-08-01 tep_archaeology_appendices/02_charges/exact_epsilon_confirm.py,,4792,4636b590c4ec0524257e94806ece5ae0c5372c34e9ffd950f6f1e16649a02925,drive,1CL-pqn64jqe4EpOdrfwzcNYkFjF2T9NZ,drive-base64-exact,
20_records/2026-08/2026-08-01 tep_archaeology_appendices/02_charges/liu_reassessment_saga_regrade_and_extrapolation_20260809.md,2026-08-09,25462,8065cb4c10ecc4e9404a430daf7e87eae4e9cf2772e6bc05f731485de31e0f04,drive,1JxbVWt8uSorWMpFLPQJAeQWlaDVIX8aM,drive-text-route-exact,"Liu, re-read from the primaries — the saga's standing, the 08-05/06 cluster re-graded, and the extrapolation question answered from the framework's own advice"
20_records/2026-08/2026-08-01 tep_archaeology_appendices/02_charges/modular_circle_tomography_ADDENDUM_G_kernel_20260811B.md,2026-08-11,4872,2072d959bbb209e94ca94906e6b7627883ed8184746a961b999c0c3cf2dca8c2,drive,1xZetTzpHoxrkYPm-Mn2TfsNrREvLdOu0,drive-text-route-exact,"ADDENDUM — the backprojection kernel IS the gain: Will's identification, priced and upgraded — 2026-08-11 (session B)"
20_records/2026-08/2026-08-01 tep_archaeology_appendices/02_charges/modular_circle_tomography_groundwork_20260811B.md,2026-08-11,9296,abb7bb3c0c1ea44cc57ecdad0e08c2cb501e01fbdeccbdbf746d93f2b8a3728a,drive,1tyclFOlhUREhAPLGXdvu0Q2O5HAqRErf,drive-text-route-exact,"Groundwork — the modular circle pictures as two tomographies: shell backprojection vs caustic scan, and the formal treatment they license — 2026-08-11 (session B)"
20_records/2026-08/2026-08-01 tep_archaeology_appendices/02_charges/parabolic_seam_and_the_critical_line_20260811B.md,2026-08-11,9034,709e65fd0f8f52899a54d4ffba3d2c6a858f3bd84b7094867980064b2ccef1ef,project:cleanroom/parabolic_seam_and_the_critical_line_20260811B.md,,project-mirror-exact,"The parabolic seam IS the critical line's object — the Eisenstein realization, the collision point, and the mapping already in our hands — 2026-08-11 (session B)"
20_records/2026-08/2026-08-01 tep_archaeology_appendices/02_charges/portwiring_dictionary_crouzeix_thinfilm_and_collapse_lattice_DraftV1_20260809.md,2026-08-09,19088,b74d6f607cfa0b3c8c2e6715201439ed364e4b9dde8e4ed115f6e052e55f54b3,drive,1pqIBrSellgmWYeZGmsRuLEf2x_TU4jfn,drive-text-route-exact,"The port-wiring dictionary — Crouzeix ↔ thin film, the collapse lattice, and the d=4 question, treated structurally"
20_records/2026-08/2026-08-01 tep_archaeology_appendices/02_charges/register_split.py,,8739,1e54a8e734f1ea9312a0fa99179671d6e58c184e69294ea6fd768028f31cebac,drive,1v3bp_4l4Oigyn7DQahU0sBOinynR9uq8,drive-base64-exact,
20_records/2026-08/2026-08-01 tep_archaeology_appendices/02_charges/theta_budget_lens.py,,4481,0729e9f6ba0eb9fcdd4524e15bf1038ad07412500fb10a17abd023bb099d3222,drive,1etWhQ7xtVN6P0a_XArlE0b2B_8Xi62Ll,drive-base64-exact,
20_records/2026-08/2026-08-01 tep_archaeology_appendices/02_charges/theta_budget_lens_lambda_chart_and_seam_unit_20260810B.md,2026-08-10,8670,414847185912c3621c82c25c1fb05da44f67e1714799ceadc751b98481fcfb31,project:cleanroom/theta_budget_lens_lambda_chart_and_seam_unit_20260810B.md,,project-mirror-exact,"The budget in Jacobi theta form — the Γ(2)/λ chart, the gauge hexagon, and the seam unit at 1951 — 2026-08-10 (session B)"
20_records/2026-08/2026-08-01 tep_archaeology_appendices/03_notes/2026-08-01 V2_Q1_execution_spectral_moments_bekenstein_hawking_DraftV1.md,2026-08-01,9245,12a47cbd806c7ebc28b6328b66256441673fb69e385f42043d52ffb0f5c93515,drive,1KmkRnYE7B-2REHt7mXch3p4oAcYKiHTe,drive-base64-exact,"V2 Q1 Execution — Spectral Moments of Bekenstein–Hawking Thermal States (DraftV1, offered)"
20_records/2026-08/2026-08-01 tep_archaeology_appendices/03_notes/2026-08-01 provenance_note_qsft_loop_registration_DraftV1.md,2026-08-01,5749,ab717aee2e61528848889a297792ebcf8d2c72aed4dc6e623344959f2a515d54,drive,1xJk2rsTjMb-jk8U0zHvVdRmWYB2lkiEg,drive-text-route-exact,"Provenance Note — Registration of the QSFT Loop (DraftV1, offered)"
20_records/2026-08/2026-08-01 tep_archaeology_appendices/04_scripts/crouzeix/climb_lean.py,,1848,a985b3c55a99f4babfc457ceb28c1a44f6aa9d0778f5141d00fe47fd8045e655,drive,1i66YIjkfhM9lesmSbaXp8-vOqKfeo2eC,drive-base64-exact,
20_records/2026-08/2026-08-01 tep_archaeology_appendices/04_scripts/crouzeix/crouzeix_ledger3.py,,2892,429bd21ec4d3bcf01e14805d55871be90883e4a1987ac31f16379f47e8b34eee,drive,1EHHrJQ5C9USocWyvRpdgMZInX1LGQu4w,drive-base64-exact,
20_records/2026-08/2026-08-01 tep_archaeology_appendices/04_scripts/crouzeix/crouzeix_strike1.py,,4575,61038666371b07c25ccb49f7f9743a510d31bb017c8f92d81c435de88d8dc426,drive,1hSW_Nuim5-mG05p6_JYLsyiGZMXebo4g,drive-base64-exact,
20_records/2026-08/2026-08-01 tep_archaeology_appendices/04_scripts/crouzeix/crouzeix_strike2_foldhunt.py,2026-08-05,4055,67bf712728a74fce4485c0525a5c9b2cbd5a605f42be866933b608e16c13c30a,drive,1aPeTO6xd21P2-At6FTMjZYa93F7IpjG5,drive-base64-exact,
20_records/2026-08/2026-08-01 tep_archaeology_appendices/04_scripts/crouzeix/crouzeix_strike2b_offdisk_climb.py,2026-08-05,5199,49f95d7e6784e523191de4499a7cbd490588e870649ce9e552d22d3aa636a0b3,drive,1c5viAz9-38nZvlagfVKYFdN-Gzd_cGOs,drive-base64-exact,
20_records/2026-08/2026-08-01 tep_archaeology_appendices/04_scripts/crouzeix/crouzeix_strike2c2_creasedepth.py,2026-08-05,2348,4202eafe2e1dc43ceb0e7dde36e09c84af9bc378bf286f4fe4419908729a836a,drive,1lr3g7YW2OlJip0gKEFlcvWkUjcTcs4ev,drive-base64-exact,
20_records/2026-08/2026-08-01 tep_archaeology_appendices/04_scripts/crouzeix/crouzeix_strike2c_diskexact.py,2026-08-05,3053,b3d5cc369639e1019af8f40cf5bb121ac005a28bfcfce2a384526f2b45a8caa1,drive,1uP1FO-_9osbFO5KS8k1uRrYejAhuf4Yg,drive-base64-exact,
20_records/2026-08/2026-08-01 tep_archaeology_appendices/04_scripts/even_icosahedral/coherence_ladder.py,,3274,787c2cdb3f44ee081ae7feee1618b8ab7955c5399479f868245acebf6676c4af,drive,1HmWVDX0pHIh1V084Hr3YsX9SjCuKUZ2o,drive-base64-exact,
20_records/2026-08/2026-08-01 tep_archaeology_appendices/04_scripts/even_icosahedral/congruence_compass.py,,3429,19bb78632b80e23eabe877dfca57ac6b4412a269c92463efc65a53b03c9b4dc0,drive,1NVrmUDetxWdXUnQCITlRwgE303oDmx-h,drive-base64-exact,
20_records/2026-08/2026-08-01 tep_archaeology_appendices/04_scripts/even_icosahedral/deep_boundary_meter.py,,5153,94f39a632d1da9881093da759b4c3d7ac07b47bc1315942f18f113da674a514f,drive,1dCdP0bLFrON1L3vAJLv6RweI06LcIBsw,drive-base64-exact,
20_records/2026-08/2026-08-01 tep_archaeology_appendices/04_scripts/even_icosahedral/deep_boundary_precision.py,,5102,28188e63c2b2fe6f6fb70b6cb5b900c79034ef0715f0c5b3e48f02e9c224cce9,drive,1R_PkDlL8eJYF-7jL0eRZexCq_0TUSQ_0,drive-base64-exact,
20_records/2026-08/2026-08-01 tep_archaeology_appendices/04_scripts/even_icosahedral/horocycle_fourier.py,,4908,d1986b7ec810f9a1ae8d554b233953a09cf2fdebf9581b21594ef1d119b90643,drive,1Alu7YKZzd5gMVX-od9w3u0LQQ0Q2XWYK,drive-base64-exact,
20_records/2026-08/2026-08-01 tep_archaeology_appendices/04_scripts/even_icosahedral/lambda_census_run1.py,,3594,9353b05c4b09e7370c73614b0ec2e03b0e5b17ed19fd49ce8679dc111601d17a,drive,1s-VUradgqUkISW7jPT2QiyZe4qWkPgHc,drive-base64-exact,
20_records/2026-08/2026-08-01 tep_archaeology_appendices/04_scripts/even_icosahedral/lambda_instrument_run1.py,,8854,90fa4e3f0b132d1f9e959e44e3a532aab9e37b27dd76eb863fdc8a1d13fd2d20,drive,1raxmAW-pjXGsSzbv_hyT71CxcE8xWim7,drive-base64-exact,
20_records/2026-08/2026-08-01 tep_archaeology_appendices/04_scripts/even_icosahedral/lambda_zeros_run1.py,,8037,55acf9bdc5a66ff8bfa21faee64d79b93fa5e3fd058e9e40e9470022fce58079,drive,1DxTEteuobCbs-oDqhKdv5Kw7xDqejbBl,drive-base64-exact,
20_records/2026-08/2026-08-01 tep_archaeology_appendices/04_scripts/even_icosahedral/m_regime.py,,2211,9ae41bc591d8bee67de3acfebff9b135f7237e990a523b8f1b193dfec4148587,drive,1jtPYm4uZLs2oTXDAQQmWHggLsKw84Uno,drive-base64-exact,
20_records/2026-08/2026-08-01 tep_archaeology_appendices/04_scripts/selberg/selberg_s2_port_ledger.py,2026-08-05,22595,60864e8c46dd4dc328fbecea13a7c6f3a14ec5811da3f3804a7d0764f221071a,drive,1VIdWAVXykY61vIEKnpqxi4sZtjO7QSAj,drive-base64-exact,
20_records/2026-08/2026-08-01 tep_archaeology_appendices/04_scripts/selberg/selberg_s2_port_ledger_output_FAST_a_b_c_d.txt,2026-08-05,3990,cf2ac624187a55545891b5a02b8a9231c47058f3a42a3b79d472c1e8dc52eac5,drive,1n5y_Ip3Ndc7DvU5EN0FDzfRMGcmjK3ek,drive-base64-exact,"mpmath version: 1.3.0 | FAST = True | sections = ['a', 'b', 'c', 'd']"
20_records/2026-08/2026-08-01 tep_archaeology_appendices/04_scripts/selberg/selberg_s2_port_ledger_output_a_b_c_d.txt,2026-08-05,6674,7a72a4cba82eef06a8e558510d883564abe01205de3036cf1f080409ef915238,drive,1dnlH5V7-F-Fgg1-CVHsDfM9iZCV1wKUT,drive-base64-exact,"mpmath version: 1.3.0 | FAST = False | sections = ['a', 'b', 'c', 'd']"
20_records/2026-08/2026-08-01 tep_archaeology_appendices/04_scripts/tomography/circle_tomography_lemmas.py,,2684,3ba6dd5f7be0f3ee4345af48787dd192a8c4909fb211273750221620626922b0,drive,1ldwYQFyYgj3G043n5j-qA_7sBU0E9aeH,drive-base64-exact,
20_records/2026-08/2026-08-01 tep_archaeology_appendices/04_scripts/tomography/ptest_rapidity_sampling.py,,3450,eb0bedc936d0915c7f2b2563671f7aaab75194b6d2b2824afef9db9c63fe4d37,drive,1raKt7-Bzn-zBuyd1SU0BxfQYfVd_H596,drive-base64-exact,
20_records/2026-08/2026-08-01 tep_archaeology_appendices/04_scripts/tomography/qtest_matched_basis.py,,3374,154e9608dbca6d33b4e5c37cc44f2827286e32356fad80e83972c69a92d7182d,drive,1nz59wheCJqteckZQGFs6whZepHDz8Y8a,drive-base64-exact,
20_records/2026-08/2026-08-01 tep_archaeology_appendices/05_session_log/2026-08-01 asides_consolidation_log_entry_archaeology_session_ActiveV1.md,2026-08-01,29662,b29201466a6ed9fecc5f711a27211d7d0d124c6d5752649965209e60e9c34f11,drive,10x_6GrSKIsa6bQwPva9K1fwqH1xCnefd,drive-text-route-exact,Asides Log — 2026-08-01 Consolidation Entry (Archaeology session — full-corpus review + corrections pass)
20_records/2026-08/2026-08-01 tep_archaeology_appendices/README.md,2026-08-05,8022,4822c429943db4b8f2420d51754d989ae10fc7b9dc42a27fa82a801edb3db5b2,drive,1vMunXO96IX06kJW_m94WxZeWVc4qWblx,drive-text-route-exact,TEP Session Bundle — 2026-08-01
20_records/2026-08/2026-08-05 Charge_Brief_Crouzeix_Conjecture_Closed_Boundary_Budget.md,2026-08-05,32325,4e37b164f418fb0874062766cf6989e90cc705448946dc33ee65dd503e95f391,drive,1-3oHVGti33mt77F8NG9GS-ImdllS_zMqWxupaXaUbQE,drive-gdoc-text-route,**Charge Brief — Crouzeix's Conjecture as a Closed Boundary Budget**
20_records/2026-08/2026-08-09 ASIDES_B-SESSION_consolidation_assessor-spine-Liu-crease.md,2026-08-09,6522,9a207159c48217c2d7fa731de49a520c3290bad6f1f7d10963cc7aa060b231db,drive,1KAhsJTqGqGmpuU8JVX-hzx2afLna6ao8FbVvLee0SdU,drive-gdoc-text-route,2026-08-09 (session B) — consolidation: the assessor/spine/Liu/crease session
20_records/2026-08/2026-08-09 ASIDES_closure_and_eigenfunction.md,2026-08-09,3249,00fd4e72b60a3f43e6b53b0e71c602f26ddc03429b4da02da0e60acdaad07ed9,drive,1ti9vI2GIK0Tl9kM_OTgMxgQQXZZpLbSBOxxej75VRK4,drive-gdoc-export-markdown,\# Asides consolidation — the closure-and-eigenfunction session — 2026-08-09
20_records/2026-08/2026-08-09 Starter_prompt_post_closure_and_eigenfunction.md,2026-08-09,3893,9d9d1f24b88503019b6d05f73e630e59d858e1850d3f26678eab656b72c4e557,drive,1gZX_28F7YhQqa75rV3Bs1EMa257RquBPfomAhYqafY8,drive-gdoc-text-route,Starter prompt — session following 2026-08-09
20_records/2026-08/2026-08-10 ASIDES_B-SESSION_consolidation_Artin_stab.md,2026-08-10,3208,8b3125766459c2160c77fe092fecd94c890a8837ca46502f1dd15da90f3e4a6f,drive,1Rp19vwHbXI7i6lsZTmQSGYpmH4vzrO_0LjfJIWc2tYI,drive-gdoc-text-route,2026-08-10 (session B) — consolidation: the Artin-stab arc
20_records/2026-08/2026-08-10 B-SESSION_consolidation_Artin_stab.md,2026-08-10,13497,3d62c9221eabd25c09c60dce456742dc69a8b9fd90ce46168d49fce7ac64a57c,drive,1z4JZrOEcb2sfGQ1cyGoJkalfOrv8EQhetc_kXEq_K3c,drive-gdoc-text-route,"A DIRECT STAB AT THE ARTIN CONJECTURE AT DOUD-1951 — the entirety reduction, the exact pole ledger, and the wall map — 2026-08-10 (session B)"
20_records/2026-08/2026-08-12 ASIDES_B-SESSION_closure-composite_parabolic-tomography_congruence.md,2026-08-12,6170,c7d0ef62c8afa813e39c9a2535ccccb694080638d7894015b8e541157fedc0bb,drive,1CzG2tlM5YDKr-FMvUE14WQf8pEFfMGdKRImsUQYecjY,drive-gdoc-text-route,"2026-08-11/12 (session B) — consolidation: closure composite, parabolic seam, tomography layer, congruence compass"
20_records/2026-08/2026-08-12 ASIDES_Rung_4_Clean_Room_Spherical_Collapse.md,2026-08-12,6198,b466d9ca80de27fa29ac73013c0e4d2730a82c8c198e60b270a3ecc9e70a3aa7,drive,1yGV6jf_xCiw6oaJmCCPw-iS7e7GeU2pkig3bLrWZ8js,drive-gdoc-text-route,Aside — the correlation function IS the λ=1/4 spherical function; the horizon; the s ↔ 1−s fixed point — 2026-08-12
20_records/2026-08/2026-08-12 ASIDES_Rung_4_Clean_Room_Straightened.md,2026-08-12,4403,d452643f976b20ec0ef89525e0649e08332aa5f4c63656d53bcb3559fe32edea,drive,1B3grpZ4uCIjvfM-QrdPAHMrdXtyaGBaju9Vj87SjOFk,drive-gdoc-text-route,"Aside — the straightened frame, and a correction to my own claim — 2026-08-12"
20_records/2026-08/2026-08-12 Rung_4_Clean_Room_Preliminary_Expedition_Dossier_3701.md,2026-08-12,4768,0d97180ed9b2c32d136d5b532d87544e97132ee33b6b0e8bef696fa6553ae28f,drive,1VPU6bsvZk846S6czXyPuPzHNsVNhbyOK5GJpL4y95hk,drive-gdoc-text-route,EXPEDITION DOSSIER — Doud-3701: the first decode-free even icosahedral dataset — loaded 2026-08-09
20_records/2026-08/2026-08-13 ASIDE_Rung_4_Clean_Room_Final.md,2026-08-13,4941,f5bf1896bf427f75c29637d496cf8034e77856bb812b99aaacb75599a61da81b,drive,1rehm5vGaErzISzDG0ZcqTCUDYxDWEPaRrOBR9qlZ0ZE,drive-gdoc-text-route,"Aside — the inventory of ignorance, plus two new measurements (rigidity, and where ""icosahedral"" lives) — 2026-08-13"
20_records/2026-08/2026-08-13 ASIDE_Rung_4_Clean_Room_Penultimate.md,2026-08-13,6169,cc6c5534eb98e1ee5bdec35fdf9ce825ac7150fff642606c77f7f4423d31f195,drive,19apW4IWLbWJ7BCI9IftkNrp7Jp3Ny38Ksj2Tpa8sS1g,drive-gdoc-text-route,"Aside — reliability of the correlation results; two horizon scales; and recovering the arithmetic from the ""thermalized"" region — 2026-08-12"
20_records/2026-08/2026-08-13 cross_session_reconciliation_and_two_tile_upgrade_DraftV1.md,2026-08-13,12171,aa44fe60ddacc0970c619c347dcf0dead304b42e3d4bd6d0eab3b8401a15bdbc,drive,1oL_y6rpHGe_XLzW7XwB9PTxtUelS0kD686uYh9uR__8,drive-gdoc-export-markdown,"Cross-Session Reconciliation — Session B's Closure Record Read Against This Session's Campaign, and the One Upgrade That Matters (DraftV1)"
20_records/2026-08/2026-08-17 1951_closure_campaign/00_START_HERE_MANIFEST.md,2026-08-27,8744,7d432003ab0b07c1e44434852608284339e441ac90dbacc0be5bba18218bee8c,drive,1uvS7miHjZy0RvgDJM7sCKY53kPaIiIK3,drive-base64-exact,"MANIFEST — the 1951 closure campaign, curated pack — sessions of the C lineage, 2026-08-15 → 08-17"
20_records/2026-08/2026-08-17 1951_closure_campaign/01_map/CONSOLIDATED_closure_campaign_countersign_ready_20260817.md,2026-08-17,21746,d83ad7ed977242f59845876f51cd3ee4a1099c9a15c81865e930021e1f76ce8e,drive,1lwCvzodygD2S3t5HbKH9aBOJNCgwaW2y,drive-base64-exact,"CONSOLIDATED RECORD — the closure campaign at conductor 1951 — sessions of the C lineage, 2026-08-15 → 08-17 — COUNTERSIGN-READY"
20_records/2026-08/2026-08-17 1951_closure_campaign/02_instruments/CLOSURE_R1R2R3_pole_detector_adledger_cohh_20260816.md,2026-08-16,12380,a58c4a358cbb17f6e7972fddb7a75a7b234164d188122dc10bd277f8e8e1e435,drive,1pNaCNy_uJ2u46S9MHPerr1JTqHmhNwA2,drive-base64-exact,"> **SCOPE HEADER (curated pack, 2026-08-17).** Per `03_verification/STAMP_adversarial_verification_closure_20260816.md` §1.5: the identity **τ\* = max(A, 0) hol"
20_records/2026-08/2026-08-17 1951_closure_campaign/02_instruments/PROMOTION_TA_TD_four_theorems_20260816.md,2026-08-16,25607,7bb6e5f3027a039bb7074aed293de2c5dfe5effe3eef07061e6ed4762cb05484,drive,1Gkd_wunt3yDNS6RnLhLptTtWql8RC87T,drive-base64-exact,"PROMOTION — T-A/T-B/T-C/T-D: four theorem-grade statements on Φ(y), with proofs, explicit constants, and located caps — 2026-08-16"
20_records/2026-08/2026-08-17 1951_closure_campaign/02_instruments/closure_effective_booker_dichotomy_20260816.md,2026-08-16,11825,531105cf7154655a2588b12873007a5cd526cde37cd47cfad0167ff855649513,drive,1CUShND1RP_Agm3WX86JE-shGG6PV33jz,drive-base64-exact,"> **STATUS HEADER (curated pack, 2026-08-17).** This record's route (FV(T₀) with Lemmas M and CT_fin) is **superseded as the campaign's frontier** by the windin"
20_records/2026-08/2026-08-17 1951_closure_campaign/02_instruments/closure_integer_read_localization_20260816.md,2026-08-16,11073,9386e7b46248c7e9cb859b72cfd33a0399931c1114a97907ea33a04206cc5216,drive,1hoa1xRpmFKPwLT34lZuF0DEhjILjWAQ6,drive-base64-exact,"> **CORRECTION HEADER (curated pack, 2026-08-17).** Corrections filed in `03_verification/STAMP_adversarial_verification_closure_20260816.md` §§1.2, 1.4. (1) ""m"
20_records/2026-08/2026-08-17 1951_closure_campaign/02_instruments/closure_scattering_trace_pincer_cohh_20260816.md,2026-08-16,12162,c1ac140024c7329d018989514d7d441095a2b4c8890c589e4a025bce7e134b75,drive,1Cfw4MivMKa1hkgIWZC3i20BCSUZxi23F,drive-base64-exact,"> **CORRECTION HEADER (curated pack, 2026-08-17).** This parent stands with corrections filed in `03_verification/STAMP_adversarial_verification_closure_2026081"
20_records/2026-08/2026-08-17 1951_closure_campaign/02_instruments/ledger_extension_capladder_20260816.md,2026-08-16,13284,a407bcd517029765d0557a05970c5d4d572459daab514f3daaecb2a63665d924,drive,1wKH9vkc7SJMrsdoNluWQXzxFpr5p4v9z,drive-base64-exact,"> **NOTE (curated pack, 2026-08-17).** This record carries a co-located **ERRATUM at its foot** — its claimed window-1 identity revision (960.674 → 960.6240) wa"
20_records/2026-08/2026-08-17 1951_closure_campaign/02_instruments/mode0_fricke_kernel_I_n_derivation_20260816.md,2026-08-16,6349,efe4d89f912e1e9526a28904016cc657532a17d7f54ac903f00837ecfc262efa,drive,1--JNnA9h0DgiHdWb1od2jHM4esC3_Pk6,drive-base64-exact,"Mode-0 Fricke kernel I_n(y): exact structure, expansion law, and the located cap — 2026-08-16"
20_records/2026-08/2026-08-17 1951_closure_campaign/03_verification/STAMP_adversarial_verification_closure_20260816.md,2026-08-16,9525,20f07ba971db914d9a4b6f50075f44dad25c14efe9c663f4eea7153a1b0433a3,drive,1VzBrBjr18TbPmGHkyA6rBd-A6uu1H3l1,drive-text-route-exact,STAMP — adversarial verification pass over the 2026-08-16 closure records — 2026-08-16 (session C lineage)
20_records/2026-08/2026-08-17 1951_closure_campaign/03_verification/STAMP_thread_diff_corrections_20260815C.md,2026-08-15,3746,b0afbe70dda138cbbf7a1fae4995606d3c0cd96ba486b0f14b57da899047505d,drive,1Kd3S5O3-moDrQhwps7qf4D-9AaY1mq7n,drive-text-route-exact,"STAMP — corrections to THREAD_DIFF_…_20260815C, on Will's same-day read — 2026-08-15 (session C)"
20_records/2026-08/2026-08-17 1951_closure_campaign/03_verification/verify_cap_and_seam_blind.py,2026-08-27,4550,721ffab027475cd31b62964c23398c3558b1d6604c5269f0b4a63034742fa031,drive,1ZkVELwSDDdubCqZ0yAXtrJRrLoak_41G,drive-base64-exact,
20_records/2026-08/2026-08-17 1951_closure_campaign/04_structural/cocycle_period_obstruction_20260817.md,2026-08-17,18968,bc598d1627073315aed2dd41e0961c5dc8f6898ac449033e48ed6cd1433c5821,drive,14m7PaU6FvzjziLTjWH0U-3l7CHSvHiBa,drive-base64-exact,"ATTEMPT — the cocycle / period-obstruction chart at (Γ₀(1951), χ): the finite obstruction set, the rank-one Hecke localization, and the Fredholm pricing — 2026-08-17"
20_records/2026-08/2026-08-17 1951_closure_campaign/04_structural/decidability_chain_arithmetic_gap_20260817.md,2026-08-17,16973,d8e7ddd7bf6d1af3041c6801ec30fbf57abbd5386c6532ceb18ebf26d918f5de,drive,1rvyneVSIWRUhncXJDVLyHk_rDrcmtQpb,drive-base64-exact,"DECIDABILITY CHAIN at (Γ₀(1951), χ): per-link audit of [finite-dimensionality] + [algebraicity] + [height gap] + [certified evaluation], and the arithmetic gap named — 2026-08-17"
20_records/2026-08/2026-08-17 1951_closure_campaign/04_structural/dictionary_trace_registers_cascade_vs_sampling_20260817.md,2026-08-17,9422,eb3dca1bece75b42f17d3e48364d5a404e7849b0251e349de9fbae79725e084c,drive,1GDwl1uP7MbhyQ6wjBC2FMGcYvYozGbeA,drive-text-route-exact,"DICTIONARY NOTE — the ladder's two registers: SU(1,1) cascade within lines, Nyquist across rungs — 2026-08-17 (session C lineage)"
20_records/2026-08/2026-08-17 1951_closure_campaign/04_structural/extant_sweep_throat_20260817.md,2026-08-17,15634,e162f4bf040507c5cbf2975deef608f39f3cc76c82e9b2247850fdaed121ffe0,drive,1GvDgHuFkVmLE9tqooszuqFJaoyRk4lcu,drive-base64-exact,"> **CORRECTION HEADER (curated pack, 2026-08-17).** One gloss corrected by `packet_entangled_register_20260817.md`: Booker (arXiv:1712.06876) requires a τ-conju"
20_records/2026-08/2026-08-17 1951_closure_campaign/04_structural/frombelow_amplified_kuznetsov_feasibility_20260817.md,2026-08-17,14199,7b5dd80ebba15dd2e88970237c7b07c786aec535e232e853b80c6d0846b9150c,drive,1a2eEKrZxuURHCdgydp-dNP9iOYofxV5R,drive-base64-exact,"> **NOTE (curated pack, 2026-08-17).** Self-consistent as filed. Provenance item only: the second-moment figure supplied in the commissioning charge was wrong a"
20_records/2026-08/2026-08-17 1951_closure_campaign/04_structural/functor_syllogism_heilbronn_network_20260817.md,2026-08-17,6802,64b814e1debcf0f99ab0bcd5ac9c07addfcd5839b504ea944ffe54e51acef28a,drive,1YCykn2oWikM8YvU0J9kap4OVp9Vvdusj,drive-base64-exact,"THE FUNCTOR, USED — the TEP ⟹ strong-Artin syllogism, the Heilbronn multiport, and the location of the one unproven premise — 2026-08-17 (session C lineage)"
20_records/2026-08/2026-08-17 1951_closure_campaign/04_structural/note_frombelow_jaw_duality_20260817.md,2026-08-17,11567,f487dedd40e2538cdf6d1038ad967a230f0db3fdc25625e7edc5e969ca25d4a9,drive,1sIcSUuhDP2gmNcCH5W0emB0A-UIOC1C-,drive-base64-exact,NOTE — the from-below jaw and the primal duality: completeness ⟺ sufficiency mapped onto the pincer — 2026-08-17 (session C lineage)
20_records/2026-08/2026-08-17 1951_closure_campaign/04_structural/note_literal_tep_attribution_20260817.md,2026-08-17,6656,8a016e0f8700443404e71bd9749bedb5999d61ac7006412766c63355fd102fdc,drive,11aA2k3t16gUnUQoX6Q5ZqTTL4x-2lr4u,drive-base64-exact,"NOTE — the attribution question, answered; the literal-holistic protocol, adopted; the chart-dependence of the virtual port — 2026-08-17 (session C lineage)"
20_records/2026-08/2026-08-17 1951_closure_campaign/04_structural/note_regularity_register_entirety_20260817.md,2026-08-17,6770,544f1b0ae30d2d5f22cf9cee493a209222228462d30d78f573b7962f9e6b8d89,drive,1MfRUcMNq1jIaqtUHI5G5YcCNnUqHjoBm,drive-base64-exact,NOTE — the regularity register: can everywhere-derivability imply entirety? — 2026-08-17 (session C lineage)
20_records/2026-08/2026-08-17 1951_closure_campaign/04_structural/packet_entangled_register_20260817.md,2026-08-17,16266,d5533a88d6b6b13ad1c752e6c47abf0f66a85b8e03839b07d7bbd5c94014a19d,drive,1Gi3bjO_k8-4NTFdhzbt6fsixSqBlDAjo,drive-base64-exact,ENTANGLED REGISTER — verification and extension: the pair/tensor structure of the 1951 packet — 2026-08-17
20_records/2026-08/2026-08-17 1951_closure_campaign/04_structural/seam_parity_existence_ledger_20260817.md,2026-08-17,11758,2c4496d9f2737b008a59d919aca13b67bb122d7ea16a8feadf08d0beefc1b0ed,drive,1teNKLo_8FJ-cKTFk4JvrOI0iLep7KEFO,drive-base64-exact,"SEAM PARITY / EXISTENCE LEDGER — central-point order and functional-equation sign of Z(s,χ) at (Γ₀(1951), χ order-5): does parity force eigenvalue ¼? — 2026-08-17"
20_records/2026-08/2026-08-17 1951_closure_campaign/04_structural/witten_form_passive_realization_20260817.md,2026-08-17,21375,37af891a26628df313980cc9f07debe8cb4cdc363be92d9391c03d60d0d3c0a3,drive,1O1iQTlcTf41rFc3HqXnyX8xJjCIfYzZO,drive-base64-exact,"CHARGE — Witten-form / passive realization at 1951: the Smirnov dress made exact, the intertwining-operator feasibility finding, and the Conrey–Li quarantine — 2026-08-17"
20_records/2026-08/2026-08-17 1951_closure_campaign/05_origin/THREAD_DIFF_native_blindness_assessment_20260815C.md,2026-08-15,23098,07a37420db71a34a4962eb89e89437d77500df185a45b0ea625eab3b55730850,drive,1RZXcqifPpnZ_axriSqLFsl7GDfPyQA-7,drive-text-route-exact,"> **STATUS HEADER (curated pack, 2026-08-17).** Read with `03_verification/STAMP_thread_diff_corrections_20260815C.md`, which corrects §1 (six–seven sessions, n"
20_records/2026-08/2026-08-17 1951_closure_campaign/05_origin/session_log_entry_20260815C.md,2026-08-15,7020,ccda4aec73a286f081a47d3c1791350a09b0ef106353ab7c95a59707f2baca68,drive,1hKrvDZOR9Jm6xnPU7Jkea3v0TvlwOVUu,drive-text-route-exact,2026-08-15 (session C) — consolidation: grounding + thread diff
20_records/2026-08/2026-08-17 Manifest_curated_pack_precedence.md,2026-08-17,8820,768ac78a2a94b80d5500941e5aab2c74d1bcaae13bd2552cc993b485b6f084ab,drive,1Dew-W5vGCQctRKn8BMPbVQkx940KEy68ywPZmPcOLSQ,drive-gdoc-text-route,"MANIFEST — the 1951 closure campaign, curated pack — sessions of the C lineage, 2026-08-15 → 08-17"
20_records/README.md,,1440,344ac5dabc7e826af3a988c63666df4afff45d35e0195b00095373da2c52aa4e,this-commit,,written-2026-09-12,20_records — The chronological ledger
20_records/cleanroom/README.md,,1507,b13c0807f67e80d586d48943e015c58f92ae7fe3d4676b588908b67b1d6c454c,this-commit,,written-2026-09-12,"20_records/cleanroom — 1:1 mirror of the claude.ai project ""2026-07-26"""
20_records/cleanroom/arch/TEP_Repository_Arch_V2_20260805.md,2026-08-05,16490,d2ce49cc8ce19c2640bc94b643c7cc4139b6b500d07318982204a55d16ffcdd2,project:arch/TEP_Repository_Arch_V2_20260805.md,,project-mirror-exact,The TEP Repository Architecture — V2 (ActiveV2)
20_records/cleanroom/arch/spine_V3_present_first_and_stamp_kit_DraftV1_20260805.md,2026-08-05,14027,ea94f5222dbc8ca3e025141894a88fb6bee7e2ab74c35c7dcd6d741cf9969cd4,project:arch/spine_V3_present_first_and_stamp_kit_DraftV1_20260805.md,,project-mirror-exact,"Spine V3 (present-first) + Stamp Kit — DraftV1, 2026-08-05"
20_records/cleanroom/arch/spine_V4_canon_first_mode_priced_DraftV1_20260809.md,2026-08-09,27551,5485b2ac753c76496cb80e4927523d056da9dacce69eb357cf528dd6ae7766b9,project:arch/spine_V4_canon_first_mode_priced_DraftV1_20260809.md,,project-mirror-exact,"Spine V4 (canon-first, mode-priced) + Stamp Kit V2 — DraftV1, 2026-08-09"
20_records/cleanroom/assessments/adjudication_closing_note_characterization_DraftV1_20260806.md,2026-08-06,14679,b4d6b8a475414173ec656b6e179c45af7d75234ee01a6522f37d5abb50036949,drive,19xDpvm5Msh_IcbjDpVjF9EJ_Xw_JLu3D,drive-text-route-exact,"Adjudication: the 2026-05-29 closing-note characterization, restamped"
20_records/cleanroom/assessments/arch_spine_readmes_assessor_review_20260809.md,2026-08-09,16737,c3879c8c2d500ffc32e3c6994f11c4fd0201ac01e5e7e380a5ed49ae7b81db48,project:assessments/arch_spine_readmes_assessor_review_20260809.md,,project-mirror-exact,"Assessor review — Arch V2, Spine V3, the READMEs, and the DeltaV2 catalog, against the corrected frontier"
20_records/cleanroom/charges/ADDENDUM_coherence_ladder_and_the_missing_gain_20260813B.md,2026-08-13,6637,39f0bb0199c84b4f261a146231f88692d28ee1adcab42c671f14f10b70a98ce4,project:charges/ADDENDUM_coherence_ladder_and_the_missing_gain_20260813B.md,,project-mirror-exact,"ADDENDUM — the coherence ladder: the one-power criterion in budget coordinates, and exactly why the measure layer cannot close it — 2026-08-13 (session B)"
20_records/cleanroom/charges/ARTIN_stab_entirety_reduction_and_pole_ledger_20260810.md,2026-08-10,13418,4df36e1c476cd3a3a9b730bdd571763de923aff79262410e10f7957e40a772ba,project:charges/ARTIN_stab_entirety_reduction_and_pole_ledger_20260810.md,,project-mirror-exact,"A DIRECT STAB AT THE ARTIN CONJECTURE AT DOUD-1951 — the entirety reduction, the exact pole ledger, and the wall map — 2026-08-10 (session B)"
20_records/cleanroom/charges/CLOSURE_composite_even_icosahedral_1951_20260811B.md,2026-08-11,12257,818b713f33784436355975ffef9229b9bd81fbf9d642aed7f3be9f7cbdb0b748,project:charges/CLOSURE_composite_even_icosahedral_1951_20260811B.md,,project-mirror-exact,"CLOSURE — the even icosahedral correspondence at 1951: the composite statement, the cross-session replication, ε derived, and the exact distance to the seam — 2026-08-11 (session B)"
20_records/cleanroom/charges/ERRATUM_PF_chain_misconstruction_20260806.md,2026-08-06,5956,8b9f140af0a67be8b7d9c0096ad2118745e51d52708ea552c20f12c2da44cd6a,drive,1c4eBfXg-xv499oxqs5snBoIKeIvSrr07,drive-text-route-exact,ERRATUM — P-F tested a chain step the corpus does not assert
20_records/cleanroom/charges/ERRATUM_mode0_is_not_the_parabolic_port_20260813B.md,2026-08-13,5486,fedb4569ac71bce59a05dc130a0145e578061de702da0938cea3d1ccbbc50fe7,project:charges/ERRATUM_mode0_is_not_the_parabolic_port_20260813B.md,,project-mirror-exact,"ERRATUM — ""the parabolic port measured empty"" is withdrawn: mode 0 is not the port, and the port is not empty — 2026-08-13 (session B)"
20_records/cleanroom/charges/EXACT_articulation_maass_1951_20260809B.md,2026-08-09,16396,aa6842291c3b06b85e2825b3b6078f33da3d98a02dcd64ddda91605bf3be6142,project:charges/EXACT_articulation_maass_1951_20260809B.md,,project-mirror-exact,"EXACT ARTICULATION — the Doud-1951 Maass form, written down formally, explicitly, and exactly — 2026-08-09 (session B)"
20_records/cleanroom/charges/NOTICE_crouzeix_status_change_20260826.md,2026-08-26,3603,7db6e06261e568787b643e8548b5a9da7062cb0dabe3358f4e4770d642c05c3b,project:cleanroom/NOTICE_crouzeix_status_change_20260826.md,,project-mirror-exact,"NOTICE (offered) — Crouzeix's conjecture: external status change, as of 2026-08-26"
20_records/cleanroom/charges/PF_run1_RESULT_falsified_20260806.md,2026-08-06,6382,75fd681aa5cdb724406e777dddd9dbc86a8a43db894f6bf90e724f2d0d5b2beb,project:charges/PF_run1_RESULT_falsified_20260806.md,,project-mirror-exact,"P-F run 1 — RESULT: **FALSIFIED.** K-F1 fires. (And the instrument passed, which makes it worse.)"
20_records/cleanroom/charges/PH_run1_RESULT_inconclusive_20260806.md,2026-08-06,4902,97c61d3786953299aa17dc23f1bbc85a826d65980751168fbf509819117e5b56,drive,1zr6SKX3V40g_MnbozRLcXBDVevvS4p6n,drive-text-route-exact,P-H run 1 — RESULT: INCONCLUSIVE under K-H2. No verdict issued.
20_records/cleanroom/charges/PREREG_healing_exponent_universality_20260806.md,2026-08-06,7689,a7ab639b72927a0796182ad121b03ad701546a11e8429b9cb15b75508cc0d59e,drive,1fXDatYVLeGd1sH6zWIcfqtLjPLNGC4qQ,drive-text-route-exact,"PRE-REGISTRATION — Crouzeix healing-exponent universality (Charge 1, prediction P-H)"
20_records/cleanroom/charges/PREREG_layer2_AMENDMENT1_algebraic_closure_20260806.md,2026-08-06,5579,9636961e006742c24988ce98be60bd58ed91c5d62cdceedf024eb354f13f9706,project:charges/PREREG_layer2_AMENDMENT1_algebraic_closure_20260806.md,,project-mirror-exact,"AMENDMENT 1 to P-U — closing §8.1 at a stated bound, in the negative or otherwise"
20_records/cleanroom/charges/PREREG_layer2_passage_control_audit_20260806.md,2026-08-06,10727,4793e8df71b6248795521e58eace539e4aab61b56ddb1b1add7f19415abe81d1,drive,1jl6JE3pYVP_sLieI92o9FW7tV80kkv2N,drive-text-route-exact,"PRE-REGISTRATION — is the A = 2−√2 passage on the R=T locus content, or is it the intermediate value theorem? (P-U)"
20_records/cleanroom/charges/PREREG_maass_live_20260809.md,2026-08-09,3707,845b73f9a0806790c6890adeb68a805f9653f50b0cbd5219b97b504c7bae9478,drive,1bLsJwqHNzmlUMLIjfy_h4i_lj8L4yqnE,drive-base64-exact,"PRE-REGISTRATION — MAASS-LIVE: the eigenfunction itself, tested pointwise — 2026-08-09"
20_records/cleanroom/charges/PREREG_selfdual_crease_locus_20260806.md,2026-08-06,5620,2b427da780a0d3698da7f3f12343d0b5021eba1f6eef318d983f0ef56ad71c29,project:charges/PREREG_selfdual_crease_locus_20260806.md,,project-mirror-exact,"PRE-REGISTRATION — the self-dual crease locus (Charge 1, prediction P-R)"
20_records/cleanroom/charges/PREREG_special_primes_and_dyadic_20260809.md,2026-08-09,6333,eed644ae05141ae9183181eaee57ee652431992643762ba75ab20f05fd48f370,drive,1eYaejDj7kN90cVKTZd2HqCi0X7znHvXg,drive-base64-exact,PRE-REGISTRATION — index-prime construction bits and the 2-adic γ-test — 2026-08-09
20_records/cleanroom/charges/PREREG_thinfilm_rung3_RT_peak_20260806.md,2026-08-06,7757,0aec0084d02a4ded0f5ffa14a9fd75bfb202113c8d9e5b3e65aba36f1a4e6e7a,project:charges/PREREG_thinfilm_rung3_RT_peak_20260806.md,,project-mirror-exact,PRE-REGISTRATION — the R=T locus peak is the chain's rung-3 value (P-F)
20_records/cleanroom/charges/PR_run1_RESULT_falsified_20260806.md,2026-08-06,5337,d43ffb3e18eee64b062f3985f12ff791e2baaa5bffe5d479ca5419d21dc3c657,drive,1outGqL87e50zkMk8KAdLZUOFF1LdMKtC,drive-text-route-exact,"P-R run 1 — RESULT: **FALSIFIED.** K-R1, K-R2 and K-R3 all fire."
20_records/cleanroom/charges/PU_run1_RESULT_layer2_is_the_IVT_20260806.md,2026-08-06,11569,45a58d33118c375b1bcd4a41deac4742229cd3f7de3e033639f2db5e597b71f6,project:charges/PU_run1_RESULT_layer2_is_the_IVT_20260806.md,,project-mirror-exact,P-U run 1 — RESULT: **H-null holds.** The layer-2 passage is the intermediate value theorem.
20_records/cleanroom/charges/RESULT_Pt1_FALSIFIED_rapidity_sampling_20260811B.md,2026-08-11,4195,99f0790fb6ceed77ad2b64d83c06ccbcde043b3a5cb31b3cbfef7d756d7499ad,drive,1ed675RUe8ZQWnAGix4Hs3JRVZf44GDOe,drive-text-route-exact,"RESULT — P-t1 FALSIFIED: the rapidity-sampling rule is dead, and the kill teaches more than the claim — 2026-08-11 (session B)"
20_records/cleanroom/charges/RESULT_Qt2_matched_basis_rung_law_20260811B.md,2026-08-11,5076,fc2d6d8dd6e90a97be8c8c883907ddbc29eb1bec56c09e37991fda5d08a71606,drive,1GSo71O8v3lUfDZpqxfR50F5KK9c7c2KZ,drive-text-route-exact,"RESULT — Q-t2: the matched-basis rerun; conditioning is monotone in rung, parity lives in the topology, and the Petz frame survives where the design rule died — 2026-08-11 (session B)"
20_records/cleanroom/charges/RESULT_algebraic_closure_1951_20260809.md,2026-08-09,7526,4790a954cf04627682fd85ae222f27801c5d194e913ebb1a2a4d622fb3fad94a,drive,1dUbljpbGwRWEhFjB3ZClMqVgF8oj2K7e,drive-base64-exact,"RESULT — the algebraic side CLOSED at Doud-1951: exact a_p at every unramified prime, including p = 2 — 2026-08-09"
20_records/cleanroom/charges/RESULT_horocycle_fourier_parabolic_port_20260813B.md,2026-08-13,7599,da69e082c57045acfde8402628239da9bb3bfb6c2713d5899afe1805f14b3313,project:charges/RESULT_horocycle_fourier_parabolic_port_20260813B.md,,project-mirror-exact,"RESULT — the horocycle Fourier instrument: the parabolic port measured empty, the duality collapse made visible (10⁵ modes → 3), and the conjecture as orthogonality to an arithmetic-free kernel — 2026"
20_records/cleanroom/charges/RESULT_incompressibility_law_and_its_breaking_20260813B.md,2026-08-13,8286,cd0a496513117ebe3d42d64c72995826eb63f6cc392becb0cb88f4925c7f069b,project:charges/RESULT_incompressibility_law_and_its_breaking_20260813B.md,,project-mirror-exact,"RESULT — m = √u confirmed as the incompressibility law, its breaking point located exactly at the fold seam, and interval-hardening by holomorphy — 2026-08-13 (session B)"
20_records/cleanroom/charges/RESULT_lambda_instrument_run1_zeros_and_ray_fricke_20260810B.md,2026-08-10,7915,3b584d63e981f858e487f1988aa020060046e2788cb1583faf6d894004fafabf,project:charges/RESULT_lambda_instrument_run1_zeros_and_ray_fricke_20260810B.md,,project-mirror-exact,"RESULT — Λ(F,s) instrument run 1 at Doud-1951: ray-Fricke certification, the FE constant on the ray, and the first computed zeros — 2026-08-10 (session B)"
20_records/cleanroom/charges/RESULT_maass_live_20260809.md,2026-08-09,5341,460db1eb78847c9eccd7d401727b4fa983ddad155337cb13fa3828da8fd6eb90,drive,1mcWNhEWS3xukHTVvk1NwinBXtYENi540,drive-base64-exact,RESULT — MAASS-LIVE: the even icosahedral Maass forms exist as functions — 2026-08-09
20_records/cleanroom/charges/RESULT_one_power_criterion_and_deep_boundary_20260813B.md,2026-08-13,8828,a1297cf207efd23f2f376a62a38bb714d4bba840b2bff8c4aee875e5179abb02,project:charges/RESULT_one_power_criterion_and_deep_boundary_20260813B.md,,project-mirror-exact,"RESULT — the one-power criterion: Artin at Doud-1951 is exactly one power of y beyond the trivial bound; the defect is fold-covariant; and the deep boundary, measured — 2026-08-13 (session B)"
20_records/cleanroom/charges/VERIFICATION_maass_live_independent_replication_20260809B.md,2026-08-09,5589,8f81fbb2cae99e76ffc344749bb151153fa4bcd3cd8b9bf7f1222ecbe677400f,project:charges/VERIFICATION_maass_live_independent_replication_20260809B.md,,project-mirror-exact,VERIFICATION — MAASS-LIVE independently replicated on a fresh code path; automorphy extended to the fourth nebentypus value — 2026-08-09 (session B)
20_records/cleanroom/charges/budget_spectralset_dictionary_20260806.md,2026-08-06,5529,c061278ef9c3cc4d93d21746ceece3dbb1d323ddf3e79ebf069d2bd8f18f4d64,project:charges/budget_spectralset_dictionary_20260806.md,,project-mirror-exact,"The budget ↔ spectral-set dictionary — Will's `G²` guess, checked"
20_records/cleanroom/charges/charge1_REASSESSMENT_settled_ground_and_the_actual_frontier_20260806.md,2026-08-06,12007,da6a406a81e80628f99c2fae8d3fb8c2780e5c9b8c6614f09610748f313b1cb9,project:charges/charge1_REASSESSMENT_settled_ground_and_the_actual_frontier_20260806.md,,project-mirror-exact,"Charge 1 — REASSESSMENT: the Crouzeix work is set on settled ground, and the Healing Conjecture is a 2020 theorem"
20_records/cleanroom/charges/charge1_crouzeix_Delta5_Addendum1_budget_form_20260806.md,2026-08-06,4936,abf894341681212916eadc80aa8eb449c484133f487e2fd2367e51e7b3fde39e,project:charges/charge1_crouzeix_Delta5_Addendum1_budget_form_20260806.md,,project-mirror-exact,"Charge 1 — Delta 5, Addendum 1: the healing bound in budget form, and which ½ is real"
20_records/cleanroom/charges/charge1_crouzeix_Delta5_Addendum2_port_in_budget_coordinates_20260806.md,2026-08-06,8775,4a5a151a8686a0104d0befd214f622d7961b7165c58db21ff3e85898b0acf8e1,project:charges/charge1_crouzeix_Delta5_Addendum2_port_in_budget_coordinates_20260806.md,,project-mirror-exact,"Delta 5, Addendum 2 — the seam port in the budget's own coordinates"
20_records/cleanroom/charges/charge1_crouzeix_Delta5_disk_reduction_and_healing_DraftV1_20260806.md,2026-08-06,13706,3ee14500fcc282bbafa837a26dc4240b958538873e9a02e06ce4eba1a0fa4c90,project:charges/charge1_crouzeix_Delta5_disk_reduction_and_healing_DraftV1_20260806.md,,project-mirror-exact,"Charge 1 (Crouzeix) — Delta 5: the disk reduction, the 2×2 counterexample, and a corrected healing profile"
20_records/cleanroom/charges/congruence_compass_chosen_bits_20260811B.md,2026-08-11,7105,8effcd2ed94c48fb01c15aa2a99a473a58c10a5d8a98bacb34fe9149877a5e41,project:charges/congruence_compass_chosen_bits_20260811B.md,,project-mirror-exact,"The congruence compass — choosing the bit lost at boundary transgression: the three modular crossings of Doud-1951, verified, and the mod-2 shadow that is provably modular today — 2026-08-11 (session "
20_records/cleanroom/charges/crease_functionals_eigenreduction_and_the_5_27_theorem_DraftV1_20260809.md,2026-08-09,10975,bea2fa0f81dc707599122bc89f27c83dc0f9aaa3a1597ae2dcbf54643004d2b2,project:charges/crease_functionals_eigenreduction_and_the_5_27_theorem_DraftV1_20260809.md,,project-mirror-exact,"The two crease functionals — eigenreduction, the register-split theorems, and an exact −5/27 for J₂"
20_records/cleanroom/charges/liu_reassessment_saga_regrade_and_extrapolation_20260809.md,2026-08-09,25331,54ac99607e237fc57be359f2d2de9582f9a4d5cb75eb02781c9a1fe016bd9d4b,project:charges/liu_reassessment_saga_regrade_and_extrapolation_20260809.md,,project-mirror-exact,"Liu, re-read from the primaries — the saga's standing, the 08-05/06 cluster re-graded, and the extrapolation question answered from the framework's own advice"
20_records/cleanroom/charges/portwiring_dictionary_crouzeix_thinfilm_and_collapse_lattice_DraftV1_20260809.md,2026-08-09,18936,46464e3774c016d1454fe1ef1198c26333416b212aded4072fdee8b96ebb69b5,project:charges/portwiring_dictionary_crouzeix_thinfilm_and_collapse_lattice_DraftV1_20260809.md,,project-mirror-exact,"The port-wiring dictionary — Crouzeix ↔ thin film, the collapse lattice, and the d=4 question, treated structurally"
20_records/cleanroom/charges/reply_to_reviewer_dyadic_closure_20260809.md,2026-08-09,4672,d7cf90b14bcceaf377a264b8fb3f09b3310a7dd993ba5a75fdd37a743f18c99e,drive,148me5GHq-X1W7wWvgTep-pkkVTq_mQpc,drive-base64-exact,"Reply to the reviewer — your question answered, your gate run, your prize criterion met — 2026-08-09"
20_records/cleanroom/cleanroom/AMENDMENT_port_transfer_bridge_and_cascade_depth_20260904.md,2026-09-04,7689,b103595ea70c66f2af8ccd2990351823fe1c2e98f99839deb8783b5fee3a18dc,project:cleanroom/AMENDMENT_port_transfer_bridge_and_cascade_depth_20260904.md,,project-mirror-exact,AMENDMENT to the port proposal — the transfer-matrix bridge between words and the budget; G² as the metric distortion; cascade depth vs d_eff — 2026-09-04 (later)
20_records/cleanroom/cleanroom/AUDIT_T_chains_probe_and_inverse_factor_20260829.md,2026-08-29,8047,259b41901fc89f8653062459f33224727e99e60af9dbb31f9c20c8698ac02d8e,project:cleanroom/AUDIT_T_chains_probe_and_inverse_factor_20260829.md,,project-mirror-exact,AUDIT — [T]-chain status of the recent claims under the citable linchpin; the diagonal probe (data half); the inverse-factor reduction
20_records/cleanroom/cleanroom/COUNCIL_CHARGE_pincer_and_first_deep_COH_reading_20260829.md,2026-08-29,8440,49e56d4386fe0521c4432ffd7e8460e56769642780712bca8a95a551e56f841a,project:cleanroom/COUNCIL_CHARGE_pincer_and_first_deep_COH_reading_20260829.md,,project-mirror-exact,"COUNCIL CHARGE — the ultimate question, charged: state of the wall, a new attack surface, and the first deep COH reading of the true 1951 object"
20_records/cleanroom/cleanroom/COUNCIL_WORKS_assembly_and_cuspidal_tower_20260829.md,2026-08-29,10156,d4176fe08dd798269e79b893cc0fab4c1b8e35f3281fa09b059d6992981ece04,project:cleanroom/COUNCIL_WORKS_assembly_and_cuspidal_tower_20260829.md,,project-mirror-exact,"COUNCIL WORKS — Theorem Ω (the triple, explicit), the flat-floor tower and the cuspidal two-tile, and the completed three-tier exhibit"
20_records/cleanroom/cleanroom/COUNCIL_convening_record_and_first_conferral_synthesis_20260826.md,2026-08-26,21510,3d17d095a021ce5f25bd46cb5078308081eb0d1e81b893b0fa00ec91e4e821a2,project:cleanroom/COUNCIL_convening_record_and_first_conferral_synthesis_20260826.md,,project-mirror-exact,TEP STANDING COUNCIL — convening record and first-conferral synthesis
20_records/cleanroom/cleanroom/COUNCIL_criterion_language_vs_method_impasses_20260904.md,2026-09-04,11494,68abeab8f36cabfc027415bdf06ffc611ec175f66619155e609219aafbd5bb97,project:cleanroom/COUNCIL_criterion_language_vs_method_impasses_20260904.md,,project-mirror-exact,"COUNCIL CRITERION — language-impasse vs method-impasse: the partition, the trace-formula test, and two exact TEP-native identities — 2026-09-04"
20_records/cleanroom/cleanroom/COUNCIL_general_priority_and_orientation_20260826.md,2026-08-26,26560,eabf6d5c6e423e0c30321df24c97c591eadc4d99e5469d385d58e875080bfc03,project:cleanroom/COUNCIL_general_priority_and_orientation_20260826.md,,project-mirror-exact,THE COUNSEL COUNCIL — GENERAL PRIORITY AND ORIENTATION
20_records/cleanroom/cleanroom/COUNCIL_handshake_equipment_question_20260904.md,2026-09-04,14030,cf5221dda968b1ce70757afb0ecdcfe99a0c4e2d49daf3c78e47eda32aab27ef,project:cleanroom/COUNCIL_handshake_equipment_question_20260904.md,,project-mirror-exact,"COUNCIL HANDSHAKE — five seats, two volleys each, on Will's two committed questions: what the orchestrator should know better about each seat, and whether we are equipped to close the Artin conjecture"
20_records/cleanroom/cleanroom/COUNCIL_orientation_ADDENDUM_deep_grounding_20260826.md,2026-08-26,31037,8d681f53b7d6e3000ce11f78c214d11771206ec9869fbd44ef0ce9e7e4895a1b,project:cleanroom/COUNCIL_orientation_ADDENDUM_deep_grounding_20260826.md,,project-mirror-exact,"ORIENTATION ADDENDUM — deep-corpus grounding, Will's era directive, and the transcript verdict"
20_records/cleanroom/cleanroom/COUNCIL_pack_read_verdict_and_deltas_20260827.md,2026-08-27,40870,474a931960c44abb175e5c272019232b0a35fd54ceacd85082b58f1785d489a1,project:cleanroom/COUNCIL_pack_read_verdict_and_deltas_20260827.md,,project-mirror-exact,ORCHESTRATOR RECORD — the 08-17 pack recovered and read; the branch-crossing verdict; Tier-1 deltas
20_records/cleanroom/cleanroom/COUNCIL_resign_motivation_register_20260826.md,2026-08-26,15324,a84a404e33a3fd09b600d36a85088ea4c9673f5922a29fcc08423a0123adf13e,project:cleanroom/COUNCIL_resign_motivation_register_20260826.md,,project-mirror-exact,"RE-SIGN — the motivation register, the conservation principle at grade, and what stands"
20_records/cleanroom/cleanroom/COUNCIL_rulings_gammastar_countersign_attribution_20260826.md,2026-08-26,11673,2bddf605b029680ab552be04232b76e34403e5d4777b8ffd4349d1b5f31ce47b,project:cleanroom/COUNCIL_rulings_gammastar_countersign_attribution_20260826.md,,project-mirror-exact,"COUNCIL RULINGS — the γ* contention, the countersign re-audit, and the attribution pilot"
20_records/cleanroom/cleanroom/DECODE_COMMIT_bundle_20260803.json,2026-08-03,17420,7673a80fe4bee5fcb0c2d5d8f10aadfbc2339e7d921f1cb46cc8f1e9a8a985b2,project:cleanroom/DECODE_COMMIT_bundle_20260803.json,,project-mirror-exact,
20_records/cleanroom/cleanroom/DEPOSIT_SKELETON_DraftV1_20260827.md,2026-08-27,7536,e1e2059f6c891bbfda96b60b7af232c814b757eb3696bd09e89105b165ff6fd8,project:cleanroom/DEPOSIT_SKELETON_DraftV1_20260827.md,,project-mirror-exact,"DEPOSIT SKELETON — DraftV1, for Will's review"
20_records/cleanroom/cleanroom/E0ii_literature_sweep_RESULT_20260727.md,2026-07-27,6565,83431ca7844031c8349f13871484d3664269cd77f5dcade22b0fc91f54fa8c24,project:cleanroom/E0ii_literature_sweep_RESULT_20260727.md,,project-mirror-exact,E0(ii) — Literature sweep RESULT: no prior numerical automorphy evidence for even-icosahedral Artin L-functions found — 2026-07-27 (~09:50Z)
20_records/cleanroom/cleanroom/ERRATUM_register_entirety_dedekind_not_aramata_brauer_20260904.md,2026-09-04,3102,11075b6d8f11d8d3bf1eba35d206c1d8863856824b119f9bd474b1e54b3a2389,project:cleanroom/ERRATUM_register_entirety_dedekind_not_aramata_brauer_20260904.md,,project-mirror-exact,"ERRATUM — the entangled register's L-function is NOT known entire; the 08-27 ""Aramata–Brauer"" attribution is wrong — 2026-09-04"
20_records/cleanroom/cleanroom/EXPEDITION_dho_metriplectic_tracetest_completeness_chain_20260904.md,2026-09-04,21116,1dce30c83435ecff43add1aee193cc146f451bc2b62744c4848103cd1bafb688,project:cleanroom/EXPEDITION_dho_metriplectic_tracetest_completeness_chain_20260904.md,,project-mirror-exact,"EXPEDITION — the DHO nesting, the metriplectic thread, the trace-formula test corpus-wide, and the sufficiency chain at [T] — 2026-09-04"
20_records/cleanroom/cleanroom/EXPEDITION_doud3701_dossier_20260809.md,2026-08-09,4748,21672b6c9df0bcd63040a96ff47150085846b1781f93924af76f5ff1bb41106f,project:cleanroom/EXPEDITION_doud3701_dossier_20260809.md,,project-mirror-exact,EXPEDITION DOSSIER — Doud-3701: the first decode-free even icosahedral dataset — loaded 2026-08-09
20_records/cleanroom/cleanroom/FORMULATION_closure_as_cocycle_defect_20260904.md,2026-09-04,11428,bbb98a319727b0ad02dadca2bf87c9d98ed7b10e022c59e9e799a68be22c30d8,project:cleanroom/FORMULATION_closure_as_cocycle_defect_20260904.md,,project-mirror-exact,"FORMULATION — the closure statement as a cocycle defect: Γ₀(1951) presented, the Galois side populating every generator, and the single relator as the anholonomy — 2026-09-04 (night)"
20_records/cleanroom/cleanroom/NOTE_deff_effective_dimension_20260829.md,2026-08-29,7037,246361501e5998376f3da1a103109146b6fe2c0ebdae49f68cee7e85e0452e91,project:cleanroom/NOTE_deff_effective_dimension_20260829.md,,project-mirror-exact,"NOTE — d_eff, the effective dimension from the budget (Will, 2026-08-29)"
20_records/cleanroom/cleanroom/NOTE_deff_petz_radial_jacobi_20260829.md,2026-08-29,15811,c7e882da7a2923b2e7b7d4da16020760eec6688f29c709b7c8af540a9ec95d49,project:cleanroom/NOTE_deff_petz_radial_jacobi_20260829.md,,project-mirror-exact,"NOTE — d_eff: Petz-radial universality and the Jacobi/lemniscatic identity for γ* (Will, 2026-08-29, second note)"
20_records/cleanroom/cleanroom/ONBOARDING_assessor_grounding_20260808.md,2026-08-08,14541,4ab9737f66ddd8b937c6039ce26dc904e1273a4dc08cd310ed6ad97d80d65ff6,drive,1rsb49hp4h7ynGmZY13zNVGrOHy8NFOgi,drive-base64-exact,"ONBOARDING — assessor grounding, read order, and the regression-trap card"
20_records/cleanroom/cleanroom/PROPOSAL_port_definition_and_heilbronn_coin_20260904.md,2026-09-04,13884,842c59efdd782307b4df333ee15ed19f3cdd9841da827757c45b79451ba3547b,project:cleanroom/PROPOSAL_port_definition_and_heilbronn_coin_20260904.md,,project-mirror-exact,PROPOSAL — what a port is; words and word length; and the Heilbronn coin: the exact residual capacity of the known cone in the ρ̃ direction — 2026-09-04
20_records/cleanroom/cleanroom/PROVENANCE_MANIFEST.txt,,7469,52f62f68f32e167612c09ffc7c546ae7610740a4898e6c28c81ef11c7ed71823,project:cleanroom/PROVENANCE_MANIFEST.txt,,project-mirror-exact,CLEAN-ROOM PROVENANCE MANIFEST — 2026-07-27
20_records/cleanroom/cleanroom/PROVENANCE_MANIFEST_v4_addendum_20260727.txt,2026-07-27,2974,5f4cce2df2877cbbd241f628bb613fb1499aa90456402f3a2243b7d0e05ed061,project:cleanroom/PROVENANCE_MANIFEST_v4_addendum_20260727.txt,,project-mirror-exact,"PROVENANCE MANIFEST — v4 ADDENDUM, six-for-six + dyadic face decider (2026-07-27, blind-decode session)"
20_records/cleanroom/cleanroom/PROVENANCE_MANIFEST_v5_addendum_20260727.txt,2026-07-27,4171,69487ac310caaa7f4f7a791ce98cda8ac9ebd3b55b1c365139a94fb4861d2c2c,project:cleanroom/PROVENANCE_MANIFEST_v5_addendum_20260727.txt,,project-mirror-exact,"PROVENANCE MANIFEST — v5 ADDENDUM, 2-dim decode campaign + planted control (2026-07-27, blind-decode session)"
20_records/cleanroom/cleanroom/PROVENANCE_MANIFEST_v6_addendum_20260803.txt,2026-08-03,9686,e824fff92502ee9b1d6029c5d25744565b444c10ef7b77c8008ccf30e7c1136d,drive,1UJNq1KhWJRHTJZP6_0mW2fDNukwSjBSZ,drive-base64-exact,"PROVENANCE MANIFEST — v6 ADDENDUM, 2026-08-03 (resumption session C: retarget + qualified decode + COMMIT)"
20_records/cleanroom/cleanroom/PROVENANCE_literature_sweep_and_descent_lattice_20260829.md,2026-08-29,9725,433e83c79a97b5f99f95c14d299d909bf201135aba08dbbe3b50fcebbd5d8a3b,project:cleanroom/PROVENANCE_literature_sweep_and_descent_lattice_20260829.md,,project-mirror-exact,"PROVENANCE — external literature sweep (novelty verdicts, both directions) and the descent lattice"
20_records/cleanroom/cleanroom/RESULT_complete_generator_certificate_1951_20260904.md,2026-09-04,7050,89b2576bc0f1816e0abdfe320e1d1e36e4dc2f79c0c1771638e2ac07fbdc6172,project:cleanroom/RESULT_complete_generator_certificate_1951_20260904.md,,project-mirror-exact,RESULT — the complete-generator pointwise certificate: the Doud-1951 candidate passes Γ₀(1951)-automorphy on all 326 non-trivial side-pairing generators; the nebentypus branch χ(d) confirmed on the wh
20_records/cleanroom/cleanroom/RESULT_unipotent_seam_and_adjoint_RS_constant_20260904.md,2026-09-04,10751,21ec5200466be6de54398d3239d0f8bb32ce919379932bc8b5cbc93672bf42d6,project:cleanroom/RESULT_unipotent_seam_and_adjoint_RS_constant_20260904.md,,project-mirror-exact,"RESULT — the unipotent radical in the budget chart (the Gudermannian lock); the seam mediator's formal weight; and the PARI half of the diagonal probe: L(s, Ad ρ̃) passes its functional equation to 2⁻"
20_records/cleanroom/cleanroom/SCRIPTS_BUNDLE.txt,,64802,f67907f65cd5c3090b04b42688185da1f0ac6c0b4b2153df3511dbfc90907314,project:cleanroom/SCRIPTS_BUNDLE.txt,,project-mirror-exact,CLEAN-ROOM + RUNG-E SCRIPTS BUNDLE — 2026-07-27
20_records/cleanroom/cleanroom/SCRIPTS_BUNDLE_C_20260804.txt,2026-08-04,159855,8c5bee018a251a026a46f3494d9a63d4dcdd782422189c5efcd86e7929a03444,project:cleanroom/SCRIPTS_BUNDLE_C_20260804.txt,,project-mirror-exact,"SCRIPTS_BUNDLE_C — sessions 2026-08-03/04 (resumption C: retarget, qualified decode, both summits, verification, Crespo grade)"
20_records/cleanroom/cleanroom/STARTER_PROMPT_TEP_grounding_and_thread_diff_20260815.md,2026-08-15,16525,ed07fb6dfae75eb801d53fcdd1003e6c0507abfe5c0f59d135de4d6c155aeef9,drive,1PY9J7zAq9sjmssiEQjf4H0FUMDhW-FPx,drive-base64-exact,"STARTER PROMPT — TEP grounding, the Langlands-arc corpus, and the cross-thread blindness diff"
20_records/cleanroom/cleanroom/STARTER_next_session.md,,11103,2f054e915d628e0e414c396a85ceb7e6b4bf9cb77cb8c5995bdd231e687dd210,project:cleanroom/STARTER_next_session.md,,project-mirror-exact,Starter prompt — session following 2026-07-27
20_records/cleanroom/cleanroom/STARTER_next_session_20260803.md,2026-08-03,5107,b3f2ed484ea19bdf41bea24338e81427483f036325a44e57aa1b0cd27251e156,drive,1fri9nFqHAXi8AVIp9ApQwuVLBN9V0tiU,drive-base64-exact,Starter prompt — session following 2026-08-03
20_records/cleanroom/cleanroom/STARTER_next_session_20260804.md,2026-08-04,7933,435ff7f7b78b69f1da36cadb2fc93d9db5f2ec466d186b6d10af5dbf0de113ee,drive,1_p0q_qwaSzk3Udz0n7nrUuJ2Xb1g07sv,drive-base64-exact,Starter prompt — session following 2026-08-04
20_records/cleanroom/cleanroom/STARTER_next_session_20260806.md,2026-08-06,6016,3a33d00803850f9604268159bd008999e38a3f86713069a014793041468a1d8a,drive,1sSEl-v7K_5hl-HQQDhCk01rS3K0SVYgD,drive-base64-exact,"STARTER — next session, from 2026-08-06"
20_records/cleanroom/cleanroom/STARTER_next_session_20260809.md,2026-08-09,4071,2e428287701fbf00ce708d353380f38d6dccb5eefb17de3d8a2494f913f11821,project:cleanroom/STARTER_next_session_20260809.md,,project-mirror-exact,Starter prompt — session following 2026-08-09
20_records/cleanroom/cleanroom/STARTER_next_session_20260812B.md,2026-08-12,6076,1cd9aa22c00ac9b940104e02849aea93f4da9dfca9f890632f7aa37510034032,project:cleanroom/STARTER_next_session_20260812B.md,,project-mirror-exact,STARTER — next session (session-B lineage) — written 2026-08-12 at context boundary
20_records/cleanroom/cleanroom/aside_horizon_is_a_basis_artifact_20260812.md,2026-08-12,6121,b935588f34b343f44018737079549307178f18f775bf037d2aa40cbac3223138,project:cleanroom/aside_horizon_is_a_basis_artifact_20260812.md,,project-mirror-exact,"Aside — reliability of the correlation results; two horizon scales; and recovering the arithmetic from the ""thermalized"" region — 2026-08-12"
20_records/cleanroom/cleanroom/aside_ruler_heuristic_closure_20260804.md,2026-08-04,2772,421df18ca3233e11af9b1ca51db8c21c7ee17f9e51fe187b3ba7344620c7d7a4,project:cleanroom/aside_ruler_heuristic_closure_20260804.md,,project-mirror-exact,Aside — the 2026-04 ruler heuristic closed into the 2026-08 instrument — 2026-08-04
20_records/cleanroom/cleanroom/aside_spherical_collapse_and_the_involution_20260812.md,2026-08-12,6153,0064fe19621d79df158bd318a9cb90f3cea5cbcac28a797ef283229c36ebceee,project:cleanroom/aside_spherical_collapse_and_the_involution_20260812.md,,project-mirror-exact,Aside — the correlation function IS the λ=1/4 spherical function; the horizon; the s ↔ 1−s fixed point — 2026-08-12
20_records/cleanroom/cleanroom/aside_straightened_frame_and_a_correction_20260812.md,2026-08-12,4370,24c8c412e5587df56660b3b74ce26d30a1901cc4ff433a2b0a97978cea3a62b3,project:cleanroom/aside_straightened_frame_and_a_correction_20260812.md,,project-mirror-exact,"Aside — the straightened frame, and a correction to my own claim — 2026-08-12"
20_records/cleanroom/cleanroom/aside_what_remains_unknown_20260812.md,2026-08-12,4900,010407e3616e730d9416857d341bf130cdcfaf1e6be6273151e92d34ce3c4649,project:cleanroom/aside_what_remains_unknown_20260812.md,,project-mirror-exact,"Aside — the inventory of ignorance, plus two new measurements (rigidity, and where ""icosahedral"" lives) — 2026-08-12"
20_records/cleanroom/cleanroom/asides_consolidation_log_entry_20260727.md,2026-07-27,13397,13e7de897020a71e7fbdf12382c6a4c8269d1f0a8b6b9a0c33d5930551672c59,project:cleanroom/asides_consolidation_log_entry_20260727.md,,project-mirror-exact,2026-07-27 — Clean-room blind replication session (rung 4)
20_records/cleanroom/cleanroom/asides_consolidation_log_entry_20260727B.md,2026-07-27,5712,fa464361fad149d46cbcd812a13cffab5fe7a459a71646cefadff297f2b10957,project:cleanroom/asides_consolidation_log_entry_20260727B.md,,project-mirror-exact,"2026-07-27 (session B) — Blind-decode session: six-for-six, the decode campaign, and the planted verdict"
20_records/cleanroom/cleanroom/asides_consolidation_log_entry_20260803C.md,2026-08-03,6317,0d663211eefdb3ee79f7f29e6e74a1c21800858601250b6ef39de83b31a8c018,drive,1CO_vpYivVbFjb7BcB-0x9KKxFKON-rDu,drive-base64-exact,"2026-08-03 (session C) — Resumption: the conductor-minimal retarget, the qualified solver, and the summit read"
20_records/cleanroom/cleanroom/asides_consolidation_log_entry_20260804D.md,2026-08-04,5439,40e02fbb99573f508e9ced577cd11b86abdf3cf5177f5d6a795929c88b8a9431,project:cleanroom/asides_consolidation_log_entry_20260804D.md,,project-mirror-exact,"2026-08-04 (session C, late arc) — consolidation of the otherwise-unfiled foundations conversation"
20_records/cleanroom/cleanroom/asides_consolidation_log_entry_20260809.md,2026-08-09,3136,046d7fb61359242a5b88011e7681d528196890ab1f5a32a273de96c3b0d14262,project:cleanroom/asides_consolidation_log_entry_20260809.md,,project-mirror-exact,Asides consolidation — the closure-and-eigenfunction session — 2026-08-09
20_records/cleanroom/cleanroom/asides_consolidation_log_entry_20260809B.md,2026-08-09,8934,484001f19fe52814912541c55750531b3097fe290c71b157da9b91d1b81bfdb3,project:cleanroom/asides_consolidation_log_entry_20260809B.md,,project-mirror-exact,2026-08-09 (session B) — consolidation: the assessor/spine/Liu/crease session
20_records/cleanroom/cleanroom/asides_consolidation_log_entry_20260810B.md,2026-08-10,6706,50faafa8e6ee7db16ad4533d803cce32b6d05c758444cef2ec17f1d9e1a687d2,project:cleanroom/asides_consolidation_log_entry_20260810B.md,,project-mirror-exact,"2026-08-10 (session B) — consolidation: the Artin-stab, theta-lens, and Λ-instrument arcs"
20_records/cleanroom/cleanroom/asides_consolidation_log_entry_20260811B.md,2026-08-11,6152,a928c1ceae9cb72b7054ece7eaae4165d99ba040a8b3efa48eca8ae5d1d91809,project:cleanroom/asides_consolidation_log_entry_20260811B.md,,project-mirror-exact,"2026-08-11/12 (session B) — consolidation: closure composite, parabolic seam, tomography layer, congruence compass"
20_records/cleanroom/cleanroom/asides_consolidation_log_entry_20260826A.md,2026-08-26,22340,dc60beefdf622fa630bf96cfb49825e33fe7d5013bd8dce044142dd602574d43,project:cleanroom/asides_consolidation_log_entry_20260826A.md,,project-mirror-exact,"2026-08-26 (session A) — consolidation: the standing council, its first conferral, and two external status changes"
20_records/cleanroom/cleanroom/budget_atlas_ERRATA_sourced_addendum_20260727.md,2026-07-27,4912,996cfbe81bbd27b0c6eca1b3a0da1ff5b60c8fd9425ebe5533126e250ec36f1e,project:cleanroom/budget_atlas_ERRATA_sourced_addendum_20260727.md,,project-mirror-exact,Budget atlas — ERRATA + sourced addendum (Delta 7/8 read own-eyes) — 2026-07-27 (~23:15Z)
20_records/cleanroom/cleanroom/budget_instantiation_atlas_20260727.md,2026-07-27,6283,0f9bc7bae8c5264dd41ccb38e78c7fc307aae424b7e19de0daadbfeeebd2ebd2,project:cleanroom/budget_instantiation_atlas_20260727.md,,project-mirror-exact,"Budget instantiation atlas — Will's final check, machine-pinned — 2026-07-27 (~22:30Z)"
20_records/cleanroom/cleanroom/budget_syzygy_dictionary_20260804.md,2026-08-04,3197,3a3921bd12522545df25e00be907a93c7b6c2e5226e78b40987c48a205c52e58,project:cleanroom/budget_syzygy_dictionary_20260804.md,,project-mirror-exact,"The budget–syzygy dictionary (Will's Klein sheet, reconsidered post-wall and machine-verified) — 2026-08-04"
20_records/cleanroom/cleanroom/circle_budget_curvature_note_20260812B.md,2026-08-12,4215,c391528a644bea2c78366f395b052041595918620370279e344d1299939c5d4a,project:cleanroom/circle_budget_curvature_note_20260812B.md,,project-mirror-exact,"Sideline note — the circle budget: Will's log-gauge construction, typed, and its exact home one curvature over — 2026-08-12 (session B)"
20_records/cleanroom/cleanroom/countersign_ledger_20260803.md,2026-08-03,4089,61eb5797058ae963b2fd8c20dbca41eb643d7130f8f683811fe471c88732b030,drive,1DNWknXVjhetMogHOvZRibLbw2FwXygu9,drive-base64-exact,"Countersign ledger — consolidated backlog through 2026-08-03 (sessions A, B, C)"
20_records/cleanroom/cleanroom/decode2141_RESULTS_20260804.md,2026-08-04,3453,e6e298fb2c2c4847b5cb43da1ff0869b00f9accee80d0066764415b8394137a2,drive,1KUZ7UOOjCM84czLlPH61mc4rmrcFYO9i,drive-base64-exact,"RESULTS — second summit read: Doud-2141 (even-icosahedral, the corner), decoded on demand — 2026-08-04"
20_records/cleanroom/cleanroom/decode2141_preregistration_20260804.md,2026-08-04,3093,8d940370d7e60ae6d15d92c85b0d53bd0d5a4645e2adfdb0912e61129f00e3e0,drive,1HD2DjBvdR3QJ4dvdi4N7rMvI5QwlqeM2,drive-base64-exact,"PRE-REGISTRATION — second-summit decode: Doud-2141 (even-icosahedral, the corner), with the nebentypus-ORDER axis live — 2026-08-04"
20_records/cleanroom/cleanroom/decode2dim_COMMIT_20260803.md,2026-08-03,9134,37ee30a58e56f5d4a791d681d53fbca6237272b8d893045cdb0025543fca505c,drive,1Q_ClkACDtD5X_-hVLcUnomwDOwF_2WSP,drive-base64-exact,"COMMIT — the 2-dim EVEN-icosahedral decode at N = 1951: 67 sign-bits, parity, orientation, and ε, produced blind and committed under seal — 2026-08-03"
20_records/cleanroom/cleanroom/decode2dim_CRESPO_GRADE_20260804.md,2026-08-04,4849,7733f2c1d5b32cada3f81a9e1b3c7113ab8ffc088bd4613302b29e74a182134d,drive,1zX94JTC5DO46WZTgKobT6Xza_D3kEpmm,drive-base64-exact,"THE CONSTRUCTOR'S GRADE — Crespo-genre spin-lift construction, run openly against both committed decodes: PASS — 2026-08-04"
20_records/cleanroom/cleanroom/decode2dim_RESULTS_20260803.md,2026-08-03,8944,11e715317ba7d8c428723a6914baf073eb2ae5b7d357d5a54ab76e980f7f9b2d,drive,1t3mgrsEgb3dIfXWoS_5s66fEbHJJ_PiM,drive-base64-exact,"RESULTS — the summit read: Hecke sign-bits of the first even-icosahedral 2-dim lift (Doud-1951, N = 1951), decoded blind, certified at 9×10⁻¹⁵, conjugate-replicated, and graded — 2026-08-03"
20_records/cleanroom/cleanroom/decode2dim_RESUMPTION_preregistration_20260803.md,2026-08-03,18783,158da19872c3d47046eb1aa77aa1bbb3b45cd43451a1583cccc9e52699b39b1b,drive,1tXWcnKtClww6lIRBUfGxGayW8hT77wWi,drive-base64-exact,"PRE-REGISTRATION — 2-dim EVEN-icosahedral decode, RESUMPTION: the conductor-minimal retarget (N = 1951, quintic nebentypus), qualified solvers behind the planted bar — 2026-08-03"
20_records/cleanroom/cleanroom/decode2dim_STATUS_KD2_20260727.md,2026-07-27,5576,a407043b74f6f1679be13886f6d686b8f012dd482f2bbbedaa1ec3a69cdfbdbd,project:cleanroom/decode2dim_STATUS_KD2_20260727.md,,project-mirror-exact,"2-dim EVEN-icosahedral decode — STATUS: KD-2, NO PRODUCTION, bottleneck localized and benchmarked — 2026-07-27 (blind-decode session, ~18:30Z)"
20_records/cleanroom/cleanroom/decode2dim_VERIFICATION_addendum_20260804.md,2026-08-04,6010,ae1c964856b7d70f99043b11fab8d8bd01b4cf70a7544d274179729d88aee8e3,drive,1HiZmsTzBn3zUo_iyf2yuBdLuYhwEK4Dl,drive-base64-exact,VERIFICATION ADDENDUM — five adversarial avenues run against the committed summit decode — 2026-08-04
20_records/cleanroom/cleanroom/decode2dim_crossverify_supplement_20260804.md,2026-08-04,4944,24d2d9b1c8151a0d4d0c836d81a14e16b14997f05f73bf1310ee62ad95479e49,drive,1MskGOgQflm_wuY3sRQsGboPYiwLYIfZs,drive-base64-exact,Cross-verification supplement (Will's four items) — 2026-08-04
20_records/cleanroom/cleanroom/decode2dim_prereg_AMENDMENT1_20260727.md,2026-07-27,2764,c50690de29899e20d5a44f6826433e0ef85ddb6dadadf37f20cc4bde1e6efa34,project:cleanroom/decode2dim_prereg_AMENDMENT1_20260727.md,,project-mirror-exact,AMENDMENT 1 to the 2-dim decode pre-registration — the archimedean-parity axis — 2026-07-27 (~15:00Z)
20_records/cleanroom/cleanroom/decode2dim_prereg_AMENDMENT2_20260727.md,2026-07-27,2778,f3553321c7093b303202c2ce8f88314cf7c05080bc189ef8d32930a4f596dcad,project:cleanroom/decode2dim_prereg_AMENDMENT2_20260727.md,,project-mirror-exact,"AMENDMENT 2 + ERRATUM to the 2-dim decode pre-registration — the port-native objective — 2026-07-27 (~16:00Z, filed at Will's mid-run correction)"
20_records/cleanroom/cleanroom/decode2dim_prereg_AMENDMENT3_20260727.md,2026-07-27,2563,2bada529273a7a537d68fdf8a8e20548678a03f436169938a0673eb55a053aaf,project:cleanroom/decode2dim_prereg_AMENDMENT3_20260727.md,,project-mirror-exact,AMENDMENT 3 to the 2-dim decode pre-registration — successive-cancellation decoding — 2026-07-27 (~17:00Z)
20_records/cleanroom/cleanroom/decode2dim_prereg_AMENDMENT4_20260727.md,2026-07-27,2688,e31c058f4a50c4ff1f06d2546d77c306ae30a6096fad5851498e9fc332336fb0,project:cleanroom/decode2dim_prereg_AMENDMENT4_20260727.md,,project-mirror-exact,AMENDMENT 4 to the 2-dim decode pre-registration — dyadic consistency of the cell dictionaries — 2026-07-27 (~17:40Z)
20_records/cleanroom/cleanroom/decode2dim_preregistration_20260727.md,2026-07-27,6707,62aa369663517355917cd8e53131523c9f14a0905b2f17ca138c4266a501ad12,project:cleanroom/decode2dim_preregistration_20260727.md,,project-mirror-exact,"PRE-REGISTRATION — the 2-dim EVEN-icosahedral decode (THE SUMMIT): sign-bit recovery by port-flattening at the pinned seam, Doud-1951 — 2026-07-27 (blind-decode session, ~13:30Z)"
20_records/cleanroom/cleanroom/decode_training_prior_disclosure_20260727.md,2026-07-27,2567,d155b4b86081320b681cdd41499529d3438d2b890936f23eb6139789fb133bb8,project:cleanroom/decode_training_prior_disclosure_20260727.md,,project-mirror-exact,Training-prior disclosure — filed BEFORE any 2-dim even-icosahedral decode computation — 2026-07-27 (blind-decode session)
20_records/cleanroom/cleanroom/dyadic_port_third_blindness_20260806.md,2026-08-06,4402,d8e59a3da1573924bfaf597aac1759f9fbb503f435ed88bdf977e4800bb0e3e2,project:cleanroom/dyadic_port_third_blindness_20260806.md,,project-mirror-exact,"The p = 2 lift bit is NOT invisible — three blindnesses at the dyadic port, one already removed — 2026-08-06"
20_records/cleanroom/cleanroom/erratum_totpos_framing_20260804.md,2026-08-04,1805,dc113ec27241a66fed63fdd5f34388c02e518923aca46e5b3f6cc1655df5f995,drive,1GKOzG8AKtrBWoRKFt8z4il8xJYazCEcd,drive-base64-exact,"Erratum-let — the total-positivity ""falsifiable check"" framing — 2026-08-04"
20_records/cleanroom/cleanroom/hecke_eigenvalues_doud1951.csv,,9408,ce069d8d035004681e0e61507aa87ddc2dbb5efcee6c29aeb429467c13e8bab0,project:cleanroom/hecke_eigenvalues_doud1951.csv,,project-mirror-exact,
20_records/cleanroom/cleanroom/hecke_eigenvalues_doud1951_to1e5.csv,,1154834,268f47749866fc4c911be298dad3248fd6da643d8a050deaf6a101f3bbb835f9,project:cleanroom/hecke_eigenvalues_doud1951_to1e5.csv,,project-mirror-exact,
20_records/cleanroom/cleanroom/hecke_eigenvalues_doud2141.csv,,9575,7f56256b03020f65cde1dff6a7460e8e912ffe96a6b1fae31386909c558d49ef,project:cleanroom/hecke_eigenvalues_doud2141.csv,,project-mirror-exact,
20_records/cleanroom/cleanroom/hecke_eigenvalues_doud2141_to1e5.csv,,1154747,5a433b2d60a6f27ef0bdb115575f3dee99f605ee46933edb1a9bb8f6df25f159,project:cleanroom/hecke_eigenvalues_doud2141_to1e5.csv,,project-mirror-exact,
20_records/cleanroom/cleanroom/modular_circle_tomography_ADDENDUM_G_kernel_20260811B.md,2026-08-11,4864,d7f854d7e7da873f70dd95871eb273d4d1ae83648d8ebfb681e7ef96a43ae0f2,project:cleanroom/modular_circle_tomography_ADDENDUM_G_kernel_20260811B.md,,project-mirror-exact,"ADDENDUM — the backprojection kernel IS the gain: Will's identification, priced and upgraded — 2026-08-11 (session B)"
20_records/cleanroom/cleanroom/modular_circle_tomography_groundwork_20260811B.md,2026-08-11,9296,abb7bb3c0c1ea44cc57ecdad0e08c2cb501e01fbdeccbdbf746d93f2b8a3728a,drive,1tyclFOlhUREhAPLGXdvu0Q2O5HAqRErf,drive-text-route-exact,"Groundwork — the modular circle pictures as two tomographies: shell backprojection vs caustic scan, and the formal treatment they license — 2026-08-11 (session B)"
20_records/cleanroom/cleanroom/parabolic_seam_and_the_critical_line_20260811B.md,2026-08-11,9034,709e65fd0f8f52899a54d4ffba3d2c6a858f3bd84b7094867980064b2ccef1ef,project:cleanroom/parabolic_seam_and_the_critical_line_20260811B.md,,project-mirror-exact,"The parabolic seam IS the critical line's object — the Eisenstein realization, the collision point, and the mapping already in our hands — 2026-08-11 (session B)"
20_records/cleanroom/cleanroom/portseam_reconsidered_20260727.md,2026-07-27,6775,049400b8a7115066ad3131c3db4420b5957b97e642a1af01303fc48fe63db8de,project:cleanroom/portseam_reconsidered_20260727.md,,project-mirror-exact,"The port seam tests, reconsidered with cultured eyes — the k-parity split, the even-side ledger run, and the port-native decoder architecture — 2026-07-27 (~21:30Z)"
20_records/cleanroom/cleanroom/r4_BLIND_REPLICATION_GRADED_SUCCESS.md,,12761,2e1f2694e59547bbc1dbd6aeba87ee4ddaf32f7c84eca5f35cf35cb030a38c95,project:cleanroom/r4_BLIND_REPLICATION_GRADED_SUCCESS.md,,project-mirror-exact,"Carrier Rung 4 — CLEAN-ROOM BLIND REPLICATION: GRADED, SUCCESS ON BOTH BRANCHES. The Census Rebuilt from Scratch, the Selector Rerun Blind, and the Key Confirmed at All Four Embeddings by an Instance "
20_records/cleanroom/cleanroom/r4_COMMIT_census_chi12_CLEANROOM.md,,13081,4313dae361895519bdd134e5a8e9b528609b4eda201ec094242bbb68f1e9e116,project:cleanroom/r4_COMMIT_census_chi12_CLEANROOM.md,,project-mirror-exact,"Carrier Rung 4 — CLEAN-ROOM COMMITTED CENSUS OUTPUT, χ₁₂ branch (lodged before the key opens)"
20_records/cleanroom/cleanroom/r4_COMMIT_census_chi60_CLEANROOM.md,,11095,f4e33fb4b3ef7b8975728a2f19605d5829683c6e56fcf4f67fd84dc8aa66dba2,project:cleanroom/r4_COMMIT_census_chi60_CLEANROOM.md,,project-mirror-exact,"Carrier Rung 4 — CLEAN-ROOM COMMITTED CENSUS OUTPUT, χ₆₀ branch (lodged before the key opens — the gate the 07-26 session missed, now closed from a blind context)"
20_records/cleanroom/cleanroom/r4_replication_preregistration.md,,12842,9ae285bffa0d3158b241402ae47720b089bb300c287268b76e454793b4018773,project:cleanroom/r4_replication_preregistration.md,,project-mirror-exact,"Carrier Rung 4 — CLEAN-ROOM BLIND REPLICATION, Pre-Registration"
20_records/cleanroom/cleanroom/ramified_eigenvalue_and_extended_tables_20260806.md,2026-08-06,4927,05ebc4f07b62d103931b17fcd39ae263f0ae7b5518ce8b51f65450d9e7272ef4,project:cleanroom/ramified_eigenvalue_and_extended_tables_20260806.md,,project-mirror-exact,"u DETERMINED, mid-band closed, and exact a_p tables to 10⁶ — 2026-08-06"
20_records/cleanroom/cleanroom/response_functoriality_burden_20260806.md,2026-08-06,14528,60dd43fc7949100d8b9cf291af5fd9b6f6bd1534945ccf9f9b6476e4ac1f0ccf,project:cleanroom/response_functoriality_burden_20260806.md,,project-mirror-exact,Response to the five-deliverable functoriality challenge
20_records/cleanroom/cleanroom/rungE_poc_RESULTS.md,,9916,a926c212d6e2621ac19a53f6ccf53a2c7a18b6fddbcb710d7bb600164855fe12,project:cleanroom/rungE_poc_RESULTS.md,,project-mirror-exact,"Rung E — PROOF-OF-CONCEPT RESULTS: The Corner Reads. First Numerical Entirety Certificates for Even-Icosahedral Artin L-Functions, Produced from Emission Data at the Pinned Seam"
20_records/cleanroom/cleanroom/rungE_poc_design_commit.md,,4687,f765eb7f391b6939acefa90bc11c0af59652704a565c80118cffc1eadca749e5,project:cleanroom/rungE_poc_design_commit.md,,project-mirror-exact,"Rung E — PROOF-OF-CONCEPT RUN, design commit (lodged before any target computation)"
20_records/cleanroom/cleanroom/rungE_resumption_preregistration.md,,11507,242719ed676bc8aed7e06449b60b5471809e9a1f5b8070c46f422c09b3ccc396,project:cleanroom/rungE_resumption_preregistration.md,,project-mirror-exact,"Rung E — THE EVEN EMISSION, Resumption Brief (pre-registration)"
20_records/cleanroom/cleanroom/session_opening_20260727T0820Z_DECISION_blind_decode_2dim_even_icosahedral.md,2026-07-27,3351,e022536e86d40d6df6acc54e5bcdeccf8c2431ac9f38549dc9a681698b03b322,project:cleanroom/session_opening_20260727T0820Z_DECISION_blind_decode_2dim_even_icosahedral.md,,project-mirror-exact,Session opening record — 2026-07-27T08:20Z (04:20 ET) — §0 DECISION: BLIND DECODE framing adopted
20_records/cleanroom/cleanroom/sixsix_RESULTS_20260727.md,2026-07-27,6505,d0487c70a1416eeef032648993076efc4d5b7a5156414b7da420e1b055e95e35,project:cleanroom/sixsix_RESULTS_20260727.md,,project-mirror-exact,Six-for-six RESULTS — EVEN-icosahedral (the corner): all six Doud prime-conductor fields certify entire+FE at 10⁻¹⁴ — with one new instrument lesson bought by two failures — 2026-07-27 (blind-decode s
20_records/cleanroom/cleanroom/sixsix_preregistration_20260727.md,2026-07-27,5189,66dbe586ccae2f33ae5a0bd9e0e4da2b834f9abfb8d459d57df4252d71e209d6,project:cleanroom/sixsix_preregistration_20260727.md,,project-mirror-exact,"Six-for-six pre-registration — EVEN-icosahedral (the corner), 3-dim Sym²ρ̃ entirety certificates across ALL Doud prime-conductor fields — 2026-07-27 (~11:00Z, blind-decode session)"
20_records/cleanroom/cleanroom/skeptic_exchange_yield_20260806.md,2026-08-06,3494,ecca542d209d1f68b7160c6f10681652a375856e4966c5f929eeea0943a20b25,project:cleanroom/skeptic_exchange_yield_20260806.md,,project-mirror-exact,Yield from the functoriality-burden exchange — 2026-08-06
20_records/cleanroom/cleanroom/spectral_parameter_measurement_20260806.md,2026-08-06,3052,459c3960c922f615706e8c2399f4cf56019a051b65e3dc0a0b20079979cbf8a1,project:cleanroom/spectral_parameter_measurement_20260806.md,,project-mirror-exact,"The archimedean parameter, MEASURED: λ = 1/4 to |λ − 1/4| < 10⁻²⁰ at both summits — 2026-08-06"
20_records/cleanroom/cleanroom/tep_grasp_DIFF_postread_20260727.md,2026-07-27,7694,1c055e10c2029a920f001402baa0e1132673f1621497a395a52c0ea81a1a226f,project:cleanroom/tep_grasp_DIFF_postread_20260727.md,,project-mirror-exact,"TEP grasp diff — POST deep-layer read, graded against the frozen snapshot — 2026-07-27 (~20:30Z)"
20_records/cleanroom/cleanroom/tep_grasp_snapshot_PREREAD_20260727.md,2026-07-27,4465,bca13b78d4be69eeafb08b42dcac21534b7fa878382f6644f749b010fe154350,project:cleanroom/tep_grasp_snapshot_PREREAD_20260727.md,,project-mirror-exact,"TEP grasp snapshot — PRE-READ, frozen before the deep-layer load — 2026-07-27 (~19:30Z)"
20_records/cleanroom/cleanroom/theta_budget_lens_lambda_chart_and_seam_unit_20260810B.md,2026-08-10,8670,414847185912c3621c82c25c1fb05da44f67e1714799ceadc751b98481fcfb31,project:cleanroom/theta_budget_lens_lambda_chart_and_seam_unit_20260810B.md,,project-mirror-exact,"The budget in Jacobi theta form — the Γ(2)/λ chart, the gauge hexagon, and the seam unit at 1951 — 2026-08-10 (session B)"
30_assessments/README.md,,1766,ba6eab34221c264ebfb1f05be515542867cb1b751f74c73c0d81d1146b6b03d6,this-commit,,written-2026-09-12,30_assessments — Reviews and audits
30_assessments/council/README.md,,1853,05edf39233fc3a578bb964e798e4ea565585ed57e2398925ff2b6ae56ac0cad0,this-commit,,written-2026-09-12,30_assessments/council — the standing expert council (convened 2026-08-26)
30_assessments/council/charters/01_archivist.md,,4746,1ae3da7706e3c40d9b1edda4ccd101a5456dbc19df0584191bbf18c109fa7a09,session-workspace,,session-file,SEAT CHARTER — ARCHIVIST
30_assessments/council/charters/02_exegete.md,,4840,ecc00b117a92c0dcab3ab5cc7bfc4f56865137348206e50c749e8724d000f5b7,session-workspace,,session-file,SEAT CHARTER — EXEGETE
30_assessments/council/charters/03_kin_scholar.md,,4892,1881fa09fafe60cb1adfb207f7d3dd5752542bae1024f454ea3d2d7ccbaa0b28,session-workspace,,session-file,SEAT CHARTER — KIN SCHOLAR
30_assessments/council/charters/04_domain_anchor.md,,5792,2d9c254890af272c10010ef979c3558faa5cc820f579e4a2f81e5d8b0313cafc,session-workspace,,session-file,SEAT CHARTER — DOMAIN ANCHOR
30_assessments/council/charters/05_assessor_adversary.md,,4754,e4e4dfc989c91570231f3c2189bfd0090cc3745e645d8a76b551a5ffa56d2189,session-workspace,,session-file,SEAT CHARTER — ASSESSOR-ADVERSARY
30_assessments/council/charters/06_dictionary.md,,5284,c8c315438239a2d1aa51498e74060d419b3beacedb885d4ffe27755d9f34f847,session-workspace,,session-file,SEAT CHARTER — DICTIONARY
30_assessments/council/charters/07_pathfinder.md,,7662,17d8c1ca41337d0c8d273761dd5626e50b01b60d5a184750284ebf2e1020a3b4,session-workspace,,session-file,SEAT CHARTER — PATHFINDER
30_assessments/council/charters/COMMON_PROTOCOL.md,,11430,cad0af82e4fe6c90f4d9185b1f000f45354f7e7fd30244f7f7923be8217b4c7a,session-workspace,,session-file,"COMMON PROTOCOL — TEP Standing Council, convened 2026-08-26"
30_assessments/council/charters/DEEP_GROUNDING_CHARGE.md,,9302,d18e2e7dc4aced66681947968a7ca59fbaccbab29ce32929c512ce6c3fdc79d9,session-workspace,,session-file,"DEEP-GROUNDING CHARGE — pathfinder, exegete, dictionary (2026-08-26, post-ratification)"
30_assessments/council/charters/DELIBERATION_CHARGE.md,,9658,51d2399462c5e28cb43bef3a32ae782a3aceb6debbfa119218f382d27185c4d6,session-workspace,,session-file,"THE COUNSEL COUNCIL — deliberation charge, 2026-08-26 (Phase A)"
30_assessments/council/charters/SYMPOSIUM_PROTOCOL.md,,5945,5eeffe474c0785a56a737c2f491a209ec4f8ead074bd069ca3a94bfd91b48310,session-workspace,,session-file,"SYMPOSIUM PROTOCOL — Feb–June 2026 blind-spot sweep (2026-08-26, mid-deliberation pivot)"
30_assessments/council/mailboxes/mailbox_archivist.md,,5967,ee7522d0eedaff9a81e748bbdeebe5f6d7d86287f4bee51b364b9f7756935c5d,session-workspace,,session-file,FROM exegete: (1) CR lineage dated for your timeline: V1 04-18 (pre-correction) -> ArchivalV2 04-19 (= V2 + archival-basis stamp) -> V2 file 04-20 (the big delt
30_assessments/council/mailboxes/mailbox_assessor-adversary.md,,2441,e4b68b9bb04e90b629a082ed44e67de51e169037f0f63a8363d0b6f39b4cd171,session-workspace,,session-file,"FROM domain-anchor (symposium): two specimens for your cautionary-exhibit catalog. (1) 02-06 ""Constraining the TEP Bulk"" closes with ""Final Verdict: Yes, you ha"
30_assessments/council/mailboxes/mailbox_assessor_adversary.md,,6463,574c6e5fadbf53dba85f66d38105e47799144b955a8468f46555b262bb1d27a1,session-workspace,,session-file,FROM archivist: cosign-ledger note — archaeology README confirms the 08-01 layer's own read-order law (ActiveV2 supersedes DraftV1; correction record C1-C8 gove
30_assessments/council/mailboxes/mailbox_dictionary.md,,7980,86892fa4afc17734a605961a7990ef55f243ab9461461c455b7e469ba24341ae,session-workspace,,session-file,"FROM archivist: your Q13 supported — catalog window (Feb-June, 196-reviewed sheet) shows NO output artifact adjacent to the 02-05 silver/Pell script; 'run not a"
30_assessments/council/mailboxes/mailbox_domain-anchor.md,,772,050d4ba70698109910bab00af5892545c94af0c30395554a8c17c7e3c0631d03,session-workspace,,session-file,FROM assessor-adversary (symposium): both your specimens absorbed into the catalog; your genre-locked era-gradient amendment CO-SIGNED with new evidence — in bo
30_assessments/council/mailboxes/mailbox_domain_anchor.md,,6272,cb4bc5a823d9ac02e58e48f6b8def0f92b98e47eb02df39751d1f9994ccda848,session-workspace,,session-file,FROM archivist: the 08-01 archaeology bundle 02_charges/ holds charge_brief2_selberg_seam_passivity_DraftV1 — Selberg eigenvalue conjecture as seam passivity: t
30_assessments/council/mailboxes/mailbox_exegete.md,,4338,030db7fc8119200e913adc13cb5fcef710cd62124a7bee8042242b7a5a80aadd,session-workspace,,session-file,FROM archivist: ENTRODYNAMICS DATED (your question answered): earliest artifacts are Base Theory 'Entrodynamics' Google Doc (created 2025-12-16T00:36Z) + '2025-
30_assessments/council/mailboxes/mailbox_kin-scholar.md,,838,d78f4c7f12df1cdc9710e742b4059bf38ba676375164e0cfc498028f984ad82c,session-workspace,,session-file,"FROM assessor-adversary (symposium): your seeding-anchor hazard, acted on. Verdict: 2-2-26 is STRUCTURE-CONSISTENT with descent from the 12-22 ancestor — Schur-"
30_assessments/council/mailboxes/mailbox_kin_scholar.md,,1288,2744dcb787ac8a5c8678099246d9290316a450b69a5f6ec609fe02968e29b39e,session-workspace,,session-file,FROM archivist: Conversations folder full inventory = ~22 OpenRouter transcripts Dec-06-2025 -> Feb-03-2026 (your slice's four are the tip) PLUS openrouter_uniq
30_assessments/council/mailboxes/mailbox_pathfinder.md,,2656,b4c15dc3b390f400a5beac57e3b9a4e68e9be824b21357e57314b288dfda5158,session-workspace,,session-file,"FROM exegete: three native-register assets from my slice for your lane: (1) the theta-lattice peel tower (O-b closure 06-10, Drive 1rF1qvYCa3NaZ452YO6NmtbA2mgC9"
30_assessments/council/reports/HANDSHAKE_20260904_brief.md,2026-09-04,9729,a3e605799837a91a0b036cac05b8ae51f5d046d44f895704a858020455ba4faa,session-workspace,,session-file,"HANDSHAKE — orchestrator to seats, 2026-09-04 (night)"
30_assessments/council/reports/ROUND1_RETURNS.md,,29004,7b7d710567607b01786aa93aad786bce9e2023a0727b07f9ccda2aeced8994fc,session-workspace,,session-file,"ROUND 1 RETURNS — verbatim final messages of all six seats (compiled by orchestrator, 2026-08-26)"
30_assessments/council/reports/archivist_conviction.md,,26700,b173d30ec9a1c67d34bac86755053a16bc3613e2b11a6d668e6f1d80b757dda4,session-workspace,,session-file,ARCHIVIST — Conviction Memo (Phase A)
30_assessments/council/reports/archivist_countersign_reaudit.md,,8661,12d959283a204c8549b44ac303a28a9496722f3bb98d6a1eac69f013aa20152a,session-workspace,,session-file,"ARCHIVIST — Countersign Re-Audit (provisional, pending Will's rule confirmation)"
30_assessments/council/reports/archivist_round1.md,,23561,0a3d18a001b8919d30d08818dfcc3e15bef3cededd95e9428583c32ed99e99bd,session-workspace,,session-file,ARCHIVIST — Round-1 Working Brief
30_assessments/council/reports/archivist_round2.md,,18778,5d20767ccb5dedb2562f67540d35396869b20ab5923235a03298008dee4cdc37,session-workspace,,session-file,ARCHIVIST — Round-2 Return
30_assessments/council/reports/assessor_adversary_conviction.md,,24284,cc527a69f0674c0844a2fe3447d901e8e82173977cd975f588206e829c7fc48c,session-workspace,,session-file,"ASSESSOR-ADVERSARY — Conviction memo (Phase A, deliberation)"
30_assessments/council/reports/assessor_adversary_round1.md,,16751,647b9d05c2f4c7369f0f2ec39bcfd2d8bea0b395af88ddffc4363753f7a981dc,session-workspace,,session-file,ASSESSOR-ADVERSARY — Round-1 working brief
30_assessments/council/reports/assessor_adversary_round2.md,,29330,9e63ffe5c40b0ec6200860990bc369e41158f52fa07bcb9da7c1eee26c2c9da5,session-workspace,,session-file,ASSESSOR-ADVERSARY — Round-2 Return (conferral)
30_assessments/council/reports/assessor_countersign_reaudit.md,,7797,e4232455df00a2131ba1dbd6d7770f2ef3eff149de7404d90b1280ff7a9f635c,session-workspace,,session-file,ASSESSOR-ADVERSARY — Countersign re-audit verification
30_assessments/council/reports/assessor_heilbronn_verify_20260904.py,2026-09-04,11877,3b170a2ddf7631e4913e764ce389cb3379a526eecb7a367a9d8b8b85e3f83f94,session-workspace,,session-file,
30_assessments/council/reports/assessor_pack_grade_20260827.md,2026-08-27,13421,e5f954646020cec1e2286e29b5cdcd922b2813451585275a76f77839584b509c,session-workspace,,session-file,ASSESSOR-ADVERSARY — working notes: grade of `orchestrator_pack_read_and_deltas_20260827.md`
30_assessments/council/reports/assessor_pass_EXPEDITION_20260904.md,2026-09-04,4093,f3f0b464007f83aea3ef26c9585faa97fc650150ba241d27a4aa60c82846cba5,session-workspace,,session-file,"ASSESSOR-STYLE PASS (orchestrator-side sub-agent, NOT the assessor seat) — EXPEDITION_dho_metriplectic_tracetest_completeness_chain_20260904.md — 18 findings, applied as ⟨A⟩ marks in the filed record"
30_assessments/council/reports/assessor_pass_PROPOSAL_20260904.md,2026-09-04,2346,e01d1a4cad51b7f0ad0e7f39e4c793559f84a7fe87b3ef722e0da4a2fa6604bb,session-workspace,,session-file,"ASSESSOR-STYLE PASS (orchestrator-side sub-agent, NOT the assessor seat) — PROPOSAL_port_definition_and_heilbronn_coin_20260904.md §3 — 7 findings, applied as ⟨A⟩ marks in the filed record"
30_assessments/council/reports/dictionary_conviction.md,,22776,b0c4d282da647d5ed6557bac87533524bb08624bfa4d4ff1f6759965b92964ac,session-workspace,,session-file,"DICTIONARY — conviction memo (Phase A, deliberation)"
30_assessments/council/reports/dictionary_deepdive.md,,15859,be49cb155eb4721551619f9c81a37237c66bc2a02b0b05913d43b1a92626d2c5,session-workspace,,session-file,DICTIONARY — deep-grounding report
30_assessments/council/reports/dictionary_gammastar.md,,9811,ef291206e3bb4056a00c64ba74d8601fff0af6e2ad522af9bff62bc865258f29,session-workspace,,session-file,"DICTIONARY — the γ* charge: structural check, reframed novelty scope, contention tiered"
30_assessments/council/reports/dictionary_round1.md,,20551,a9e75cd5cddadeb8704d5b18f497cc20fcdb08596ae3b05d1a513ee7a58f02f4,session-workspace,,session-file,DICTIONARY seat — round-1 working brief
30_assessments/council/reports/dictionary_round2.md,,20386,c3fba4624c0a9f854a87d42f0f9f8d6ac0f9c8ac84478e5e8d54a7436e71a283,session-workspace,,session-file,DICTIONARY — Round-2 brief (conferral)
30_assessments/council/reports/domain_anchor_conviction.md,,18954,f4afa82bb16ed15361ac406b89b1d131167e8661e1a01665fa20325d91f8e2bc,session-workspace,,session-file,"DOMAIN-ANCHOR — Conviction memo (Phase A, deliberation)"
30_assessments/council/reports/domain_anchor_gammastar.md,,9316,667d94d5539c0eaaf57abe2af0f26cc49fb6a248c8adaea78baf5a5e872b6b11,session-workspace,,session-file,"DOMAIN-ANCHOR — γ\* contention: priority norms, constant-class pricing, chain check, cheapest conversion"
30_assessments/council/reports/domain_anchor_round1.md,,17797,116ed80880c4f1654a794f0750c91728686a1b4df00ea9180ba3218a2b7f9e11,session-workspace,,session-file,DOMAIN-ANCHOR — Round-1 working brief
30_assessments/council/reports/domain_anchor_round2.md,,17332,5f00a25aa6333a4e3deb1184913b85cf1bf220d84b6a0bc61becd0425a3486bb,session-workspace,,session-file,DOMAIN-ANCHOR — Round-2 brief (conferral)
30_assessments/council/reports/exegete_conviction.md,,21130,f071b86508516d7d7add1f77f01492a83b7436c7ff1501269ecb0e4e6620033d,session-workspace,,session-file,"EXEGETE — Conviction memo (Phase A, deliberation)"
30_assessments/council/reports/exegete_deepdive.md,,17714,c5ad7c80180737cf449bb30ee13014cd8ad8d1797bf344604b33d438146c8fb4,session-workspace,,session-file,EXEGETE — Deep-grounding dive (post-ratification)
30_assessments/council/reports/exegete_round1.md,,21169,e41ad9f77bf55e03261972dd5d6f93b11a72f60c1b8e1b51bbb5a428c70482ee,session-workspace,,session-file,EXEGETE — Round-1 working brief
30_assessments/council/reports/exegete_round2.md,,19802,a5b12e22225bf1b6be6bf55dd821c9ce86d7b209b0e01930ebcefcdd3f8fb852,session-workspace,,session-file,EXEGETE — Round-2 brief (conferral)
30_assessments/council/reports/handshake_assessor_adversary_20260904.md,2026-09-04,15438,6d4ac31f5faf650fa77bbb1a6e09f124cec17d1736cff1a1dd0381cbcb8342b1,session-workspace,,session-file,"ASSESSOR-ADVERSARY — Handshake return, 2026-09-04"
30_assessments/council/reports/handshake_domain_anchor_20260904.md,2026-09-04,15656,f098707a4d40f2e5e00fc0794e5b3cdb0490f89dc36c8f15abd6cb960eee61a6,session-workspace,,session-file,"DOMAIN-ANCHOR — Handshake brief, 2026-09-04"
30_assessments/council/reports/handshake_exegete_20260904.md,2026-09-04,13118,820fcccdaa91044ea3addbee8b5b212b845b5ee13b6570437741d112defd4c1c,session-workspace,,session-file,"EXEGETE — Handshake return, 2026-09-04"
30_assessments/council/reports/handshake_kin_scholar_20260904.md,2026-09-04,15456,3b42923a39ee6aedda7bd44c7424783c4924c1f8649faf25c2a55cc6137feb25,session-workspace,,session-file,"KIN-SCHOLAR — Handshake return, 2026-09-04"
30_assessments/council/reports/handshake_pathfinder_20260904.md,2026-09-04,13640,0be295ae6722f45e4118c3c7c055dd50f37d829242ca4d9023fc72a027c5907c,session-workspace,,session-file,"PATHFINDER — Handshake return, 2026-09-04"
30_assessments/council/reports/kin_scholar_attribution_ruling.md,,5147,f912ecb8e80bb296940d1cf8920280d1a88cde961fdb6caeff4ae4c94f2afc74,session-workspace,,session-file,KIN-SCHOLAR — Attribution-pilot feasibility ruling
30_assessments/council/reports/kin_scholar_billing_join.md,,8511,9e79208d664c83057aa326f1ecccb7740bd05a778fb46cf27eaaa2e6e7a4f9d7,session-workspace,,session-file,KIN-SCHOLAR — Billing join: per-room model attribution
30_assessments/council/reports/kin_scholar_conviction.md,,20008,bd5cb9cd59668d211e3d611fdb1bd7e6db00da32a861da1bcc593b04c4feabfb,session-workspace,,session-file,KIN-SCHOLAR — Conviction memo (Phase A)
30_assessments/council/reports/kin_scholar_round1.md,,21792,060c16968425da1e7a9a56ebbe15334f83c9e7532eebbed66cb7e60f5a282894,session-workspace,,session-file,KIN-SCHOLAR — Round 1 working brief
30_assessments/council/reports/kin_scholar_round2.md,,23328,68f555351b37c81e5fa06a3214aa760eab67154c597fccbaf5d9ad5c82b5e42c,session-workspace,,session-file,KIN-SCHOLAR — Round-2 brief (conferral)
30_assessments/council/reports/orchestrator_pack_read_and_deltas_20260827.md,2026-08-27,40870,474a931960c44abb175e5c272019232b0a35fd54ceacd85082b58f1785d489a1,project:cleanroom/COUNCIL_pack_read_verdict_and_deltas_20260827.md,,project-mirror-exact,ORCHESTRATOR RECORD — the 08-17 pack recovered and read; the branch-crossing verdict; Tier-1 deltas
30_assessments/council/reports/pathfinder_conviction.md,,28650,f698a5bb78e58f0fc6dce54552266d5cd177d2fd4a561ebc03fe6cf557359d08,session-workspace,,session-file,PATHFINDER — Conviction memo (Phase A)
30_assessments/council/reports/pathfinder_deepdive.md,,25079,482f826bbf5d499855a0cd63c4fc522bc3302e05824d29864ad25157ce4cd0dd,session-workspace,,session-file,PATHFINDER — Deep-grounding dive (post-ratification charge)
30_assessments/council/reports/pathfinder_july_joins_20260904.md,2026-09-04,12286,b074635d88d8887d1012afb0c2cb578ca3691366c7954164f810e05e11826a41,session-workspace,,session-file,"PATHFINDER — July-layer joins for the 09-04 records (anti-Sisyphean rule, first application)"
30_assessments/council/reports/readme_index_adversarial_pass_20260912.md,2026-09-12,4238,40ab913ad088c29f93078d4c2e27ce646e42fbf740d7f23928e020e7a976e6e8,this-commit,,written-2026-09-12,Orchestrator-side adversarial pass over the 2026-09-12 README and errata index — filed as what it is: one witness
30_assessments/council/reports/symposium_archivist.md,,12822,d824a3fc589911853dd1b111ead5ebd3f0bf7d23e238e9fb4fbeb80d01fbc1b3,session-workspace,,session-file,ARCHIVIST — Symposium Findings (Feb–June era registry)
30_assessments/council/reports/symposium_assessor_adversary.md,,10950,f91f53261ab934efea03950a49eaa4f7cf4471278dcec0c24278dc06acdde4bf,session-workspace,,session-file,"ASSESSOR-ADVERSARY — Symposium findings (Feb–June sweep, my slice)"
30_assessments/council/reports/symposium_dictionary.md,,8611,7e102d2ab99b9b7a7022bca2b9c5618be4076e3c15ff27289603553956d11023,session-workspace,,session-file,"DICTIONARY — symposium findings (Feb–June sweep, my slice)"
30_assessments/council/reports/symposium_domain-anchor.md,,15446,ca69167e3f2613d48005361110a0780b66e790d7048b926a45705f8fb7a0cbeb,session-workspace,,session-file,SYMPOSIUM — domain-anchor slice: proof-audit of four Feb-2026 theorem-shaped documents
30_assessments/council/reports/symposium_exegete.md,,10905,ba64a0c5f5d2448b004c918b348782cb6cd26d43c8f19680ec7a02e39d998904,session-workspace,,session-file,EXEGETE — Symposium findings (Feb–June blind-spot sweep)
30_assessments/council/reports/symposium_kin-scholar.md,,11784,aede5e9bb85380cab736c8fd3eb4c2a4d975a5a0d928c255913a24221e53d961,session-workspace,,session-file,KIN-SCHOLAR — Symposium findings: the collaboration-history layer
30_assessments/council/reports/symposium_pathfinder.md,,12834,d23c5eb670b26f7736e10d2ca4cf3b7e5b27d8f4dc34549cce86e19c2dd0558d,session-workspace,,session-file,PATHFINDER — Symposium findings (Feb–June blind-spot sweep + spine unreads)
30_assessments/external/2026-07-24 external_review_third_priority_recents_and_carrier_claude_fable.md,2026-07-24,27800,7e646140f5f0234705b69df6e2b250aa7a5b575d2bd3b336f5788ed08396f0ae,drive,1lFYr4_tj6QPaYHbGAGVpAeYiWXXZ4LSL,drive-base64-exact,"2026-07-24 — External Review (Third): Priority Recents, the OT1 Closure, the Open #8 Carrier, and the Cascade-Functor Leverage Question"
30_assessments/external/2026-07-25 20260725 external_review_fourth_rung3_first_verification_and_ot1_claude_fable_DraftV1.md,2026-07-25,29193,e1b065ef08ae4771bdb5201867bebb1936a7cbf67a5e04cad1ef038c806607ba,drive,1YddSRyQQr-1S5Shml_eFSCJELYdQ9iuP,drive-base64-exact,"2026-07-25 — External Review (Fourth): First Independent Verification of Carrier Rung 3, the OT1 Resolution Re-Graded, and the Archive State"
30_assessments/external/2026-07-25 direction_memo_DraftV1.md,2026-07-25,4830,d7476743a6a6f86c308ac30b0b9e662cb91eb0935ec58ee9abc2ace0acdb626b,drive,1O44YzFfrqGr8kluSvkQYVW8JSBCCMseB,drive-base64-exact,"Direction Memo — the reins, taken (DraftV1)"
30_assessments/external/2026-07-25 external_review_fourth_foundations_status_strong_selection_Addendum2.md,2026-07-25,8916,1c800cb89576992e8874bfc7202f2bd4aed5092fc5785e82c02c8e2a79853b8f,drive,1yZ4eUjHCrCNVlQUV7VyfBwwIS6URA3Zq,drive-base64-exact,"Fourth Review — Addendum 2: the foundations status read from source; ""strong selection"" retired; erratum E2 against Addendum 1"
30_assessments/external/2026-07-25 external_review_fourth_rung3_replication_and_two_framework_answers_DraftV1.md,2026-07-25,24910,a31886aa0b8090fe92e984af25f23cc3c55496e55cb23612a1f8fd85e9ca88fb,drive,1xjiz7Bsvl9DcMGZktnr6sF17ohyP40cZ,drive-base64-exact,"2026-07-25 — External Review (Fourth): the Rung-3 Layer Replicated, the Post-Resolution Queue, and Two Framework Answers (WYD; Campbell-as-Embedding)"
30_assessments/external/2026-07-25 external_review_fourth_spine_read_metric_selection_adjudication_Addendum1.md,2026-07-25,12364,74c35a8d8f12f5a9ae4f00dd7dfd962e17d4197d917702d1e7d22b8feb6f3ed4,drive,10n3oCK9p42CYjpX5OQzLJTr4j9_jrBBZ,drive-base64-exact,Fourth Review — Addendum 1: the Interior Spine Trace read end-to-end; the metric-selection adjudication; one erratum against the parent review
30_assessments/external/2026-07-25 period_review_mid_may_to_present_full_pass_DraftV1.md,2026-07-25,17608,cc8b385e142b64626dab0cc60e74489d530df56520589c41a20e155de91a8f97,drive,1s3FEcbPliD3rYsAv4HywTXFYKGgnxO89,drive-base64-exact,"2026-07-25 — Period Review: Mid-May → Present, Full Corpus Pass (Fifth Review Document of This Session)"
50_code/2026-07_rung3_rung4_labs/2026-07-24 Rung 3 + Fresh Review/2026-07-24 session_bundle_third_review_and_rung3/2026-07-24 asides_log_entry_third_review_to_rung3_close.md,2026-07-24,6059,83b21a7940d36342ada1b757c3bb51204a0ba9a59a4055919e42eff4629cfe30,drive,188ahU8Ljz1waH28lCDkaVcGrGOKi22xQ,drive-base64-exact,"Asides Log — 2026-07-24 Session Entry (third external review → OT1 re-grade → carrier rung 3, Deltas 1–9 → consolidation and handoff)"
50_code/2026-07_rung3_rung4_labs/2026-07-24 Rung 3 + Fresh Review/2026-07-24 session_bundle_third_review_and_rung3/2026-07-24 carrier_rung3_Delta1_torsor_upgrade_crossing_table_field_layer_closed.md,2026-07-24,8202,667b37e7d56dc63c435c4f7a8a3454b05fb512c1464649b09fe853c9aa49c1df,drive,1k4N3K4752ygpqEvrInnIt-XmAdf18AOy,drive-base64-exact,"Carrier Rung 3, Delta 1 — the torsor upgrade (Will); the crossing table computed; the field layer CLOSED by A₅'s simplicity; the fork sharpened to the deck"
50_code/2026-07_rung3_rung4_labs/2026-07-24 Rung 3 + Fresh Review/2026-07-24 session_bundle_third_review_and_rung3/2026-07-24 carrier_rung3_Delta2_dihedral_floor_executed_key_frozen.md,2026-07-24,9908,0cd6012f3cd295bc8f914929d677285969a6817b1e783e6f89d1ff52b4c73100,drive,14s7lKZ-QJ1sKIPyLdZOzbMU4gU09cUEv,drive-base64-exact,"Carrier Rung 3, Delta 2 — R3.4 floor executions: the boundary-null theorem exhibited, the deck tower computed exactly, the grading key FROZEN before any evaluator exists; the multiplicity structured; "
50_code/2026-07_rung3_rung4_labs/2026-07-24 Rung 3 + Fresh Review/2026-07-24 session_bundle_third_review_and_rung3/2026-07-24 carrier_rung3_Delta3_R34e_opened_qface_closed_depth_capacity_shape_computability.md,2026-07-24,11352,9e14e44b9b67da42716c116480c4a9c7522a7df78deb23f9576a3640d383f120,drive,1FLYv2Mhe1_dNYFffa8P6IisZVib0M2aA,drive-base64-exact,"Carrier Rung 3, Delta 3 — R3.4-e opened: the q-face closed at every resolution; the key extended and split for blind grading; χ-as-depth modeled with two verified instances; capacities, shape, and the"
50_code/2026-07_rung3_rung4_labs/2026-07-24 Rung 3 + Fresh Review/2026-07-24 session_bundle_third_review_and_rung3/2026-07-24 carrier_rung3_Delta4_R34_SUCCESS_reduction_flow_carrier_locator_family.md,2026-07-24,10206,c5185474ebccb708296eb2e21d8df543ed96bf1c7ea7f26bf38ffa4e808c65ef,drive,1VHZSOzVoex5nlKLUsKR9qSf4Zgp-8gIy,drive-base64-exact,"Carrier Rung 3, Delta 4 — R3.4 SUCCESS at the dihedral floor: the value register carries, and the carrier is the reduction flow itself; the locator family generalized; the non-abelian machine model an"
50_code/2026-07_rung3_rung4_labs/2026-07-24 Rung 3 + Fresh Review/2026-07-24 session_bundle_third_review_and_rung3/2026-07-24 carrier_rung3_Delta5_TEP_characteristic_pass_guide_verdict.md,2026-07-24,9415,a7b12815222841aef92e92887d91debf51f525914382c99686281fb2a662977c,drive,1fcDyZNPhw905AERW4oz5LKe9FQzwwd5b,drive-base64-exact,"Carrier Rung 3, Delta 5 — the TEP-characteristic pass: the skeleton audited, five hypotheses minted (one killed same-hour), the locator's second floor verified, and a scoped guide-grade verdict"
50_code/2026-07_rung3_rung4_labs/2026-07-24 Rung 3 + Fresh Review/2026-07-24 session_bundle_third_review_and_rung3/2026-07-24 carrier_rung3_Delta6_skeleton_native_pass_port_budget_calculus.md,2026-07-24,10892,7a9a5b364ab499a38222a68360c4d1ef54f7ccc9305c18b33128e34b954aa486,drive,1uIE1EQmk_YK3Tqw28x4wIWRObnJFVheR,drive-base64-exact,"Carrier Rung 3, Delta 6 — the skeleton-native pass: the budget calculus computed at the ports; G, G_new, capacity, and the ensemble laws; the moment locator; rank translation; what ""new content"" now m"
50_code/2026-07_rung3_rung4_labs/2026-07-24 Rung 3 + Fresh Review/2026-07-24 session_bundle_third_review_and_rung3/2026-07-24 carrier_rung3_Delta7_foundational_regrounding_axiom_starred_family_GMC_doppler.md,2026-07-24,10654,9a2e808bd2e28f73914b4cec562d9af97c056decc3d39fc52f82f40bfa28b734,drive,1Z4PLDvj9Uib2dnnkfgKbGwImgUrRTKSV,drive-base64-exact,"Carrier Rung 3, Delta 7 — the foundational re-grounding pass: the axiom chain as derived; the starred family disambiguated (and the silver chain identified as the π/8 port); GMC's martingale pair as t"
50_code/2026-07_rung3_rung4_labs/2026-07-24 Rung 3 + Fresh Review/2026-07-24 session_bundle_third_review_and_rung3/2026-07-24 carrier_rung3_Delta8_reactive_crossings_parsimony_audit_crossing_grammar.md,2026-07-24,7604,87d48ebcef09de0c31c989df695e04c9fbf419ce81c4ec89a671aa9ab4534320,drive,1MVz3uGWWL9rQbOC-OzYOWFPJf4T8oyWG,drive-base64-exact,"Carrier Rung 3, Delta 8 — the reactive-crossing representation: reconstructed, verified, parsimony-audited; the crossing grammar as one zero-shape-parameter structure in four registers"
50_code/2026-07_rung3_rung4_labs/2026-07-24 Rung 3 + Fresh Review/2026-07-24 session_bundle_third_review_and_rung3/2026-07-24 carrier_rung3_Delta9_langlands_through_the_cascade_why_cross_rank.md,2026-07-24,9807,8ecfe98db1ceaa5043fe38a55bb1c40e5543c6cdd0da641c117e16e13620e624,drive,1FCe-qKCGqIPgywzm-adiVYDVVBG-xh12,drive-base64-exact,"Carrier Rung 3, Delta 9 — Langlands through the cascade, premise granted: the two sides as the two directions of one morphism, why the correspondence is intrinsically cross-rank and cross-depth, and t"
50_code/2026-07_rung3_rung4_labs/2026-07-24 Rung 3 + Fresh Review/2026-07-24 session_bundle_third_review_and_rung3/2026-07-24 carrier_rung3_opening_graded_ribbon_run_DraftV1.md,2026-07-24,14890,c97c925b7a2987cbea31e56b7f642268eb0d84024b5fcc7c72566015507b2df5,drive,16hYL3XVulm5AGY01NUTtQMk-9CXdSdtt,drive-base64-exact,"Carrier Campaign, Rung 3 Opening — the Graded Ribbon Run: the recorded decider, executed against its answer key"
50_code/2026-07_rung3_rung4_labs/2026-07-24 Rung 3 + Fresh Review/2026-07-24 session_bundle_third_review_and_rung3/2026-07-24 session_consolidation_third_review_and_rung3_handoff_ActiveV1.md,2026-07-24,8357,962c69b56a9183c6afb74fe6bb93cfbcaf601caa7fcb284e1c48b10f10e9c04c,drive,15qmMNiOYqskPoX8HxaD5utqfauffMeTK,drive-base64-exact,"Session Consolidation — the Third-Review Session: independent verification, the Rung-3 arc (Deltas 1–9), frozen pre-registrations, and the handoff [ActiveV1]"
50_code/2026-07_rung3_rung4_labs/2026-07-24 Rung 3 + Fresh Review/2026-07-24 session_bundle_third_review_and_rung3/2026-07-24_external_review_third_priority_recents_and_carrier_claude_fable.md,2026-07-24,27800,7e646140f5f0234705b69df6e2b250aa7a5b575d2bd3b336f5788ed08396f0ae,drive,1lFYr4_tj6QPaYHbGAGVpAeYiWXXZ4LSL,drive-base64-exact,"2026-07-24 — External Review (Third): Priority Recents, the OT1 Closure, the Open #8 Carrier, and the Cascade-Functor Leverage Question"
50_code/2026-07_rung3_rung4_labs/2026-07-24 Rung 3 + Fresh Review/2026-07-24 session_bundle_third_review_and_rung3/verify/check1.py,2026-08-06,7901,1d61534bba4bb12c132769f3bd9c87e6f8fe3d7f5790830e1306cf649e92cbf9,drive,1iuc867s9Z01Jr-mI3K0s3qpz6XOkieN1,drive-base64-exact,
50_code/2026-07_rung3_rung4_labs/2026-07-24 Rung 3 + Fresh Review/2026-07-24 session_bundle_third_review_and_rung3/verify/check2.gp,2026-08-06,3110,6491d54704d4694f892f2d4a150ea0d22014b141bd30c2fd15c00a7e75a4bbee,drive,1vBeBgyHu29rTj6BOnjzCfxVcCq2u1D79,drive-base64-exact,
50_code/2026-07_rung3_rung4_labs/2026-07-24 Rung 3 + Fresh Review/2026-07-24 session_bundle_third_review_and_rung3/verify/fe_check.py,2026-08-06,5404,58b90d1d8a66b2d37fd0497f41d259717266f2754570a71b817ad2d3a738001b,drive,1eDZ7aRDMdKUzH6pqEA1V-JCubitZsmHi,drive-base64-exact,
50_code/2026-07_rung3_rung4_labs/2026-07-24 Rung 3 + Fresh Review/2026-07-24 session_bundle_third_review_and_rung3/verify/ifree.gp,2026-08-06,647,17bab2e33ef559713610c7ebed0cfe0d0ca2b1c5d3fbf7b7f21e9b4d3be42969,drive,1k0vpZERQ0unYo35DVU2-OwsCSj3hqAtg,drive-base64-exact,
50_code/2026-07_rung3_rung4_labs/2026-07-24 Rung 3 + Fresh Review/2026-07-24 session_bundle_third_review_and_rung3/verify/ifree2.gp,2026-08-06,319,1fc3474cdddca5f483334d6e949702ff0ef6a01e4e3514a4eb2a0e828fbd550c,drive,1c63jmDnPTUz_wFhBA2LKsvlRdB-QWLpf,drive-base64-exact,
50_code/2026-07_rung3_rung4_labs/2026-07-24 Rung 3 + Fresh Review/2026-07-24 session_bundle_third_review_and_rung3/verify/ifree3.gp,2026-08-06,214,b7a3e1307199b0dac12b3f12ad734def44f87e53f2a0d9d4f486aef4763156d0,drive,1tugGLWVW7RUlbbw9NgxWk14MZi6g41qs,drive-base64-exact,
50_code/2026-07_rung3_rung4_labs/2026-07-24 Rung 3 + Fresh Review/2026-07-24 session_bundle_third_review_and_rung3/verify/r32_crossing.py,2026-08-06,3940,6b8a4a4b0dde18e78a0d16aa70085d4fbc6e49a9d2b4209c0e4187f14c6c53da,drive,1474CBw3HBLKG6Xigj3CY9xLs1dLYfBgL,drive-base64-exact,
50_code/2026-07_rung3_rung4_labs/2026-07-24 Rung 3 + Fresh Review/2026-07-24 session_bundle_third_review_and_rung3/verify/r34_dihedral_deck.py,2026-08-06,6495,64012cdfbba7fb74d4e69f458e7b8300bef9f382b2bdc3634071d04153ffec03,drive,1VbQvDoGtjFWFVhsem05VqS13xE4N1Oqi,drive-base64-exact,
50_code/2026-07_rung3_rung4_labs/2026-07-24 Rung 3 + Fresh Review/2026-07-24 session_bundle_third_review_and_rung3/verify/r34e_open.py,2026-08-06,6220,651999fb99f9dbd9cd4133ceb717a8a8400888cded075f61589b7c5a0b216ac5,drive,1UHpvMEzf3J-hsoWEaeu4ygm3koBtKGTp,drive-base64-exact,
50_code/2026-07_rung3_rung4_labs/2026-07-24 Rung 3 + Fresh Review/2026-07-24 session_bundle_third_review_and_rung3/verify/r34e_value_register.py,2026-08-06,6481,eb3a0db430fb6c04f83650ea6c31765b87e2ae73fbad126372b6c6cf5a26bad2,drive,1j4cfac1Nqe8-8lRO_n-i2wOVrG9XiN9Q,drive-base64-exact,
50_code/2026-07_rung3_rung4_labs/2026-07-24 Rung 3 + Fresh Review/2026-07-24 session_bundle_third_review_and_rung3/verify/ribbon_links23.py,2026-08-06,2708,726a05abc455cd9ed06557e219cd320205142248239da7f6701c574d8e3be026,drive,1rj0g7q7JgtgHFOlJdKR46vMT0s9SSXWf,drive-base64-exact,
50_code/2026-07_rung3_rung4_labs/2026-07-24 Rung 3 + Fresh Review/2026-07-24 session_bundle_third_review_and_rung3/verify/wt1.gp,2026-08-06,295,783ce96a44dbdb241d4d8a4943aa126887a5ce0d5c0a40bff50605a02965f85a,drive,1-Blzk05Pp4lPu3DKVQF8WAD8lkdlUur-,drive-base64-exact,
50_code/2026-07_rung3_rung4_labs/2026-07-24 Rung 3 + Fresh Review/r32_crossing.py,2026-08-06,3940,6b8a4a4b0dde18e78a0d16aa70085d4fbc6e49a9d2b4209c0e4187f14c6c53da,drive,1474CBw3HBLKG6Xigj3CY9xLs1dLYfBgL,drive-base64-exact,
50_code/2026-07_rung3_rung4_labs/2026-07-24 Rung 3 + Fresh Review/r34e_value_register.py,2026-08-06,6481,eb3a0db430fb6c04f83650ea6c31765b87e2ae73fbad126372b6c6cf5a26bad2,drive,1j4cfac1Nqe8-8lRO_n-i2wOVrG9XiN9Q,drive-base64-exact,
50_code/2026-07_rung3_rung4_labs/2026-07-24 Rung 3 + Fresh Review/ribbon_links23.py,2026-08-06,2708,726a05abc455cd9ed06557e219cd320205142248239da7f6701c574d8e3be026,drive,1rj0g7q7JgtgHFOlJdKR46vMT0s9SSXWf,drive-base64-exact,
50_code/2026-07_rung3_rung4_labs/2026-07-24 Rung 3 + Fresh Review/verify_check1.py,2026-08-06,7901,1d61534bba4bb12c132769f3bd9c87e6f8fe3d7f5790830e1306cf649e92cbf9,drive,1iuc867s9Z01Jr-mI3K0s3qpz6XOkieN1,drive-base64-exact,
50_code/2026-07_rung3_rung4_labs/2026-07-24 Rung 3 + Fresh Review/verify_check2.gp.txt,2026-08-06,3110,6491d54704d4694f892f2d4a150ea0d22014b141bd30c2fd15c00a7e75a4bbee,drive,1vBeBgyHu29rTj6BOnjzCfxVcCq2u1D79,drive-base64-exact,\\ Trace-form verification for the two A5 quintics
50_code/2026-07_rung3_rung4_labs/2026-07-24 Rung 3 + Fresh Review/verify_fe_check.py,2026-08-06,5404,58b90d1d8a66b2d37fd0497f41d259717266f2754570a71b817ad2d3a738001b,drive,1eDZ7aRDMdKUzH6pqEA1V-JCubitZsmHi,drive-base64-exact,
50_code/2026-07_rung3_rung4_labs/2026-07-25 session_bundle_third_review_and_rung3.zip,2026-07-25,92416,35372672f63c2f6fbafd5aa31bfe502fdb857914ec7b5ccb19204a5d4802b25f,drive,1ipF0AQTljDmldz8k17HuKHsi2QMeqcnE,drive-base64-exact,
"50_code/2026-07_rung3_rung4_labs/2026-07-26 Rung 3 & Rung 4/Initialize subspace S_2^(new) (12000, chi_{12}); T_3 Hecke operator matrix computation.md",2026-07-27,3628,dabfb82ec6aabb57785132aa138d3f2d1b9eb9df1b874909c589a41c8fc69f97,drive,1FlB0mSSjgH_4DgneIHjg1JJ0R7FaKB0pqf7fffXHjHQ,drive-gdoc-export-markdown,Starting PARI/GP process with streaming output...
50_code/2026-07_rung3_rung4_labs/2026-07-26 Rung 3 & Rung 4/Rung 4/r4_S.gp,2026-08-05,318,32c9cd9a26667c7dc2d026e7234f28fb6c1b19bf881b6a5b1791a66abfed0482,drive,1M0ZWxluMWZdWvUoa8NFdCsoc1qYQUSxY,drive-base64-exact,
50_code/2026-07_rung3_rung4_labs/2026-07-26 Rung 3 & Rung 4/Rung 4/r4_blocks.gp,2026-08-05,1909,bb4719e66db0587463996292dae7c799d0cc041f0a8d2a31e84dbb8df4bb1838,drive,1_LxAVoUKvpShV0l-rlyqfAcEm7mNP9jy,drive-base64-exact,
50_code/2026-07_rung3_rung4_labs/2026-07-26 Rung 3 & Rung 4/Rung 4/r4_conjA.gp,2026-08-05,708,b42717b1db0ef0b5df95ccd0dc279c61c7b76032f0b95b813459ca96891866b9,drive,1-N3Y5HGlN8D_BfLKg4X0mSkuI9WgRtjW,drive-base64-exact,
50_code/2026-07_rung3_rung4_labs/2026-07-26 Rung 3 & Rung 4/Rung 4/r4_conjB.gp,2026-08-05,640,006f29507214bbc4ae9164aad7f0330a2188826430bb224cec5df654f2e0293c,drive,1GWKHM1BxpV7Dgyhqar8Vd6pztIWGEdNX,drive-base64-exact,
50_code/2026-07_rung3_rung4_labs/2026-07-26 Rung 3 & Rung 4/Rung 4/r4_conjC.gp,2026-08-05,655,66f7da767339fc5f1cd3fdab3123647f4d97bda17860015ac71d2848d0892be9,drive,1bXIxAdlmE1hk4otW8faFd1VobkNI7yMF,drive-base64-exact,
50_code/2026-07_rung3_rung4_labs/2026-07-26 Rung 3 & Rung 4/Rung 4/r4_cross.gp,2026-08-05,1114,239223cfb1314eb259da2fc4f11b5ff2d8c5361e294e560c37563e37ffc3719b,drive,1ZDhssovvJdVUDE7V-knxnUtN-zS2PH9o,drive-base64-exact,
50_code/2026-07_rung3_rung4_labs/2026-07-26 Rung 3 & Rung 4/Rung 4/r4_dims.gp,2026-08-05,176,6c36cecabe6a0c7bd2da5f35d301510b27e86c92f2a2cbcebd4855e68bd60e6e,drive,1tJM-iX9Qp9wPnRn2-MbrHy8V3q-cqrRr,drive-base64-exact,
50_code/2026-07_rung3_rung4_labs/2026-07-26 Rung 3 & Rung 4/Rung 4/r4_grade.gp,2026-08-05,2462,612bde341658abf48be7ff4c16dad2be7bc2bf14591a88664dacb6f960c5b221,drive,1RjXYT7O5ESsrYAv7cMlY6Bdq5EIdGOvP,drive-base64-exact,
50_code/2026-07_rung3_rung4_labs/2026-07-26 Rung 3 & Rung 4/Rung 4/r4_sat.gp,2026-08-05,996,06f9188f102ba05c52347f2173447bc23d57f6149d31cc6c2b5202334e6e7007,drive,1JTwKa5C8bYDn-M5ho_tRGM-AS3ZCmJGl,drive-base64-exact,
50_code/2026-07_rung3_rung4_labs/2026-07-26 Rung 3 & Rung 4/Rung 4/r4_stage1.gp,2026-08-05,1286,29ff337f0b4d2fce93dba31a40d9849c1c9c7fc2a8ce86d05b090bfda6408b74,drive,1jG0KdtHFlP16Wae5BfRcYo_m35A8mR9C,drive-base64-exact,
50_code/2026-07_rung3_rung4_labs/2026-07-26 Rung 3 & Rung 4/Rung 4/r4_verify.gp,2026-08-05,1018,105a3565dc0b8853b3a970a2a4485e1c741a63395ca6e8e912cdeaeed5cc8c04,drive,1zUUyZof6E0y7QxYi46qSNcoO-RtDexrB,drive-base64-exact,
50_code/2026-08-29_deposit_scripts/MANIFEST_SHA256_bundle_20260829.txt,2026-08-29,9392,140643ab62b268bd5c6d9c58252e9253b915efedd728b5835c59171dacf3b2f3,session-workspace,,session-file,e1e2059f6c891bbfda96b60b7af232c814b757eb3696bd09e89105b165ff6fd8  ./00_skeleton/DEPOSIT_SKELETON_DraftV1_20260827.md
50_code/2026-08-29_deposit_scripts/README_BUNDLE_20260829.md,2026-08-29,2948,6c8349d4e25e582dafaf4855909d35016a5eb5a1597725bdeb7e323c2b13ca39,session-workspace,,session-file,"DEPOSIT BUNDLE — council session records, 2026-08-26 → 2026-08-29"
50_code/2026-08-29_deposit_scripts/coh_pipeline.py,,1896,bb5719b7576913ca46e4f7c6df6fad149fb6399e2b921716a62524dc763d8cfc,session-workspace,,session-file,
50_code/2026-08-29_deposit_scripts/diagonal_probe.py,,1968,18262bd0118897bfda31348ae5334b772e3ee5d9a67f0cf839c7a05f688689ef,session-workspace,,session-file,
50_code/2026-08-29_deposit_scripts/mackey_certificate.py,,4289,3f23a05302ef2409c5e3e9cf502062354c9b9e74935e47f3f662ddf447acd547,session-workspace,,session-file,
50_code/2026-08-29_deposit_scripts/run_1951.py,,1717,7f2e351277c1f1f6f0dd864703aeb157ccf1a6ffc2a14b4d6637398b1d58e1e2,session-workspace,,session-file,
50_code/2026-08-29_deposit_scripts/supplement_20260830/MANIFEST_SHA256_SUPPLEMENT.txt,,895,c6a71bf29f978c5e1f6ce05ba2d61e7d70dd7f4d821b3e0596f9ffeff8e2a052,session-workspace,,session-file,3cd35c8e33a1c87383624f3c3fb5337e23dd43eb777829a8ebe1568375800bd3  ./README_SUPPLEMENT.md
50_code/2026-08-29_deposit_scripts/supplement_20260830/README_SUPPLEMENT.md,,950,3cd35c8e33a1c87383624f3c3fb5337e23dd43eb777829a8ebe1568375800bd3,session-workspace,,session-file,DATA SUPPLEMENT — deposit_bundle_20260829
50_code/2026-08-29_deposit_scripts/supplement_20260830/coh_pipeline.py,,1896,bb5719b7576913ca46e4f7c6df6fad149fb6399e2b921716a62524dc763d8cfc,session-workspace,,session-file,
50_code/2026-08-29_deposit_scripts/supplement_20260830/diagonal_probe.py,,1774,fe2874aaa0964963d1c0e29840b9674907691ecc98e8aacc9b9e95bb9d65a197,session-workspace,,session-file,
50_code/2026-08-29_deposit_scripts/supplement_20260830/mackey_certificate.py,,4289,3f23a05302ef2409c5e3e9cf502062354c9b9e74935e47f3f662ddf447acd547,session-workspace,,session-file,
50_code/2026-08-29_deposit_scripts/supplement_20260830/run_1951.py,,1620,a439439f6d426578025c321b37211295b2052d2cf4fd89764f351bb35f4a4f71,session-workspace,,session-file,
50_code/2026-08-29_deposit_scripts/supplement_20260830/three_tier.py,,1730,87d47dfc6dd4217d53ff226843a587ce10dcf7c6fe59ad60d1b6aa9214851b8f,session-workspace,,session-file,
50_code/2026-08-29_deposit_scripts/supplement_20260830/twin_2141.py,,851,f66e877bda2e04a229483ce9f4def6030473e2b714efa7ccb55ae54fc214d302,session-workspace,,session-file,
50_code/2026-08-29_deposit_scripts/supplement_20260830/verdict_run.py,,2626,c99bc49928fcde42cdcb42d037ef5743f599fb382aa8afa8573395b2460e52c2,session-workspace,,session-file,
50_code/2026-08-29_deposit_scripts/three_tier.py,,1827,12d635d13ae131d59cdbd35519f22113c64d3e5612325a422bce8b4c6cd3eec5,session-workspace,,session-file,
50_code/2026-08-29_deposit_scripts/twin_2141.py,,948,86c6e0f78357c57166ab598b6afbff74d60aed78a905f725124deeea3a196241,session-workspace,,session-file,
50_code/2026-08-29_deposit_scripts/verdict_run.py,,2723,005dae45fbd57ed6698fd0b0df183ebdbe065cc9b2df69de91ddb2c1aaf097ab,session-workspace,,session-file,
50_code/2026-08_crouzeix/2026-08-01 Crouzeix_Strikes_1_to_3.md,2026-08-01,20945,cda41f1946de74edd157554270d73568b055ea29cc48a94ad047e8047fb75edb,drive,1ez3J-bC6ntb3KGuenCgCEfXTv-icvqAU3vOYD2fZhp0,drive-gdoc-export-markdown,""""""""
50_code/2026-08_crouzeix/2026-08-01 Crouzeix_ledger_3_script.md,2026-08-01,3156,e64ddb89f4ff1c2a4191741ef92ac95503b00a571ef08d4335b5a59318a0120d,drive,16ne8233CW88b_N1TT7D6CrH9Qty6EpJsg0lfMmo4sI8,drive-gdoc-export-markdown,""""""""
50_code/2026-08_even_icosahedral_closure/2025-08-09 MAASS_LIVE/MANIFEST_v7b.txt,2026-08-09,800,707d000f53717087571210b20b796dc56d5a0c45a55b3b005a2a547a86d38a90,drive,1JhYzkwjx8MIDFY0KYkaA2I13X0Rf5A9F,drive-base64-exact,MAASS-LIVE manifest addendum (v7b) — 2026-08-09
50_code/2026-08_even_icosahedral_closure/2025-08-09 MAASS_LIVE/PREREG_maass_live_20260809.md,2026-08-09,3707,845b73f9a0806790c6890adeb68a805f9653f50b0cbd5219b97b504c7bae9478,drive,1bLsJwqHNzmlUMLIjfy_h4i_lj8L4yqnE,drive-base64-exact,"PRE-REGISTRATION — MAASS-LIVE: the eigenfunction itself, tested pointwise — 2026-08-09"
50_code/2026-08_even_icosahedral_closure/2025-08-09 MAASS_LIVE/RESULT_maass_live_20260809.md,2026-08-09,5341,460db1eb78847c9eccd7d401727b4fa983ddad155337cb13fa3828da8fd6eb90,drive,1mcWNhEWS3xukHTVvk1NwinBXtYENi540,drive-base64-exact,RESULT — MAASS-LIVE: the even icosahedral Maass forms exist as functions — 2026-08-09
50_code/2026-08_even_icosahedral_closure/2025-08-09 MAASS_LIVE/certify_2141.txt,2026-08-09,641,27395ef21b8c225cf29e1485cb1292d9fbcd163b3bcd9acfcc50d567c7fb9c1c,drive,1jOgtYKn0hJzEGZoLE6dhKtsib9XDISw4,drive-base64-exact,MODE --certify (dps=28)
50_code/2026-08_even_icosahedral_closure/2025-08-09 MAASS_LIVE/certify_log.txt,2026-08-09,1279,a61822bd9d2e9ef5f3294b73eeac11c7e38e4bd205ee0559122899de966e3519,drive,1547Qyr96J9f8skcJvIuTKotP1dCkS4Zl,drive-base64-exact,MODE --certify (dps=28)
50_code/2026-08_even_icosahedral_closure/2025-08-09 MAASS_LIVE/maass_live.py,2026-08-09,10728,da0989467785e3153f1f86ac928abba2d970f5c2514d4fccd402585b9f3f86b6,drive,19ZemzWvFmeIIYCiP8beShHLyj8nf1rrB,drive-base64-exact,
50_code/2026-08_even_icosahedral_closure/2026-08-09 B-SESSION_Maass_independent_check.md,2026-08-09,7961,65b40371807234087d71ecd990622cd777f471d93814b2bc8c110d2159c244a9,drive,1U2bOCo68BlFlIlVHkqmMIZLnSiyDwAJePlo0Aq5dqDA,drive-gdoc-export-markdown,"""""""Independent spot-check of MAASS-LIVE at Doud-1951 — fresh code path, fresh group"
50_code/2026-08_even_icosahedral_closure/2026-08-09 Exact_Epsilon_Certificate.md,2026-08-09,10804,b77217bc0e52c455d181f36c35da620eb1752b046c62feee727aa281e9774619,drive,1PvK-qTZSvXATELXlHPv7mLdr5eotYHax3vvIpWNrChE,drive-gdoc-export-markdown,"""""""EXACT-EPSILON — integer-exact Gauss/Jacobi certificate \+ identification of the"
50_code/2026-08_even_icosahedral_closure/2026-08-09 TEP_dyadic_closure/PREREG_special_primes_and_dyadic_20260809.md,2026-08-09,6333,eed644ae05141ae9183181eaee57ee652431992643762ba75ab20f05fd48f370,drive,1eYaejDj7kN90cVKTZd2HqCi0X7znHvXg,drive-base64-exact,PRE-REGISTRATION — index-prime construction bits and the 2-adic γ-test — 2026-08-09
50_code/2026-08_even_icosahedral_closure/2026-08-09 TEP_dyadic_closure/PROVENANCE_MANIFEST_v7_addendum_20260809 (2).txt,2026-08-09,2166,910a10c19254cf3ba9989839bb57c44b6010fca34bd94630042fb71855c9bcf7,drive,10VvndPXQHVTvUHHimBUl6Di0VPtCXwkK,drive-base64-exact,PROVENANCE MANIFEST v7 addendum — dyadic-closure session 2026-08-09
50_code/2026-08_even_icosahedral_closure/2026-08-09 TEP_dyadic_closure/PROVENANCE_MANIFEST_v7_addendum_20260809.txt,2026-08-09,922,fdfa48a73083dfbb15e8e9f662d9ff338100be03630ede271434fa52169ee672,drive,1WvSrndd_agN971DnTpPOo9Voz0RY3ETU,drive-base64-exact,PROVENANCE MANIFEST v7 addendum — dyadic-closure session 2026-08-09
50_code/2026-08_even_icosahedral_closure/2026-08-09 TEP_dyadic_closure/RESULT_algebraic_closure_1951_20260809.md,2026-08-09,7526,4790a954cf04627682fd85ae222f27801c5d194e913ebb1a2a4d622fb3fad94a,drive,1dUbljpbGwRWEhFjB3ZClMqVgF8oj2K7e,drive-base64-exact,"RESULT — the algebraic side CLOSED at Doud-1951: exact a_p at every unramified prime, including p = 2 — 2026-08-09"
50_code/2026-08_even_icosahedral_closure/2026-08-09 TEP_dyadic_closure/RESULT_maass_live_20260809.md,2026-08-09,5337,b1aa0af7dc2bcd9cd1b9738e1c8480ef548fb5a4281ea1fea9132e232c625333,drive,1FKinZb3DAH8EwFrGyjXFwB95H74_6V-k,drive-base64-exact,RESULT — MAASS-LIVE: the even icosahedral Maass forms exist as functions — 2026-08-09
50_code/2026-08_even_icosahedral_closure/2026-08-09 TEP_dyadic_closure/reply_to_reviewer_dyadic_closure_20260809.md,2026-08-09,4672,d7cf90b14bcceaf377a264b8fb3f09b3310a7dd993ba5a75fdd37a743f18c99e,drive,148me5GHq-X1W7wWvgTep-pkkVTq_mQpc,drive-base64-exact,"Reply to the reviewer — your question answered, your gate run, your prize criterion met — 2026-08-09"
50_code/2026-08_even_icosahedral_closure/2026-08-09 TEP_extended_tables/deep_twist.py,2026-08-09,2609,9521dd5a228a8b53958127b80d50d54d707759a5b4b18e09a4c6533c13d80ae5,drive,1n2tIAcB_GO-qHULQfbpxpq4djpxSxav-,drive-base64-exact,
50_code/2026-08_even_icosahedral_closure/2026-08-09 TEP_extended_tables/extend_full.gp,2026-08-09,3023,0e347ceda5d4d23b6e4143721073536b55826f5d25cb12582b4fab57f73f6cc1,drive,1pk3g0Pf8NhSyuTATa4_KiIp7kmVpOt-S,drive-base64-exact,
50_code/2026-08_even_icosahedral_closure/2026-08-09 TEP_extended_tables/make_dataset_ext.py,2026-08-09,3263,c9979cc8e8aee5115c1f8c487fd7514cee4fdeea3be98e198859e6027bef77d7,drive,1EJqN-TPxye1oWenk1NLLdF-lLSkwz1pp,drive-base64-exact,
50_code/2026-08_even_icosahedral_closure/2026-08-10 Brauer_Pole_Ledger.md,2026-08-10,8479,43d0fc92ac8113441b13a2afc76daa26897609f3454b686ac1561990ffd2ac95,drive,18fvk04DTdwkUE0-nUCTJOfB_z1NmrG87_nYPgMK7FMw,drive-gdoc-export-markdown,"""""""BRAUER POLE LEDGER — exact monomial resolution of the 2-dimensional character"
50_code/2026-08_even_icosahedral_closure/TEP_even_icosahedral_V1/README.md,2026-08-05,3582,6dd6b80fd99187aca5520f33356555ea3f46e4a28076bd2d118ae49917156ed3,drive,1ce0_kI0Fx3YcM1GppEtfIw68xwQcpfuv,drive-base64-exact,The even-icosahedral summit campaign — sessions of 2026-08-03/04
50_code/2026-08_even_icosahedral_closure/TEP_even_icosahedral_V1/TEP even-icosahedral campaign 2026-08-03_04 — README + archive pointer.md,2026-08-04,3704,843e5ec72edfe983126309d49ebccb63643c731318e18481def9222a39fe401c,drive,11kTglny31_0xDZ5qzDh6KguhBrk6-VJj9DR-7iOtC78,drive-gdoc-export-markdown,THE EVEN-ICOSAHEDRAL SUMMIT CAMPAIGN — 2026-08-03/04 (sessions C \+ verification \+ 2141 \+ Crespo grade)
50_code/2026-08_even_icosahedral_closure/TEP_even_icosahedral_V1/corr_table_1951.txt,2026-08-04,1566,750496806eb24ea6840c22b6215ef2f54ce55f116abe96fe8e797d71ee66fad0,drive,1c8UkiRyZaC3jameLg_nKZAQtHk-dkE8m,drive-base64-exact,"p:class_label:j5:b_committed:gamma_square(+1/-1):b_constructed_det1:corr:kron(-1951,p)"
50_code/2026-08_even_icosahedral_closure/TEP_even_icosahedral_V1/corr_table_2141.txt,2026-08-04,1563,9bad6b2bdac07b379024caf7f79c6f4047a9145f22d52d224159d2ae089649ea,drive,1JY9k4ZfJ1j9qDwHGwITLhdNy9c40NOej,drive-base64-exact,"p:class_label:j5:b_committed:gamma_square(+1/-1):b_constructed_det1:corr:kron(-24,p)"
50_code/2026-08_even_icosahedral_closure/TEP_even_icosahedral_V1/totpos_BOTH_stdout.txt,2026-08-04,487,7f9cc7a90de25ff2e9056de478e4312fbafe0edb48baf3ccd55bfee47587559c,drive,1UXk_GanxI62A3zP2odubMAy7zxxhxf-O,drive-base64-exact,Doud-1951: nonvanishing conjugates 60 of 120;  NEGATIVES = 0;  min = 6.6092823889124742379176785107373055699366888096164158959019271923568383032248903 E-5  max 
50_code/2026-08_even_icosahedral_closure/TEP_even_icosahedral_V2/README.md,2026-08-05,5727,544c1b0399d2ceabf0dfd766da8602f854e942c06a3d859228993a785e4717f6,drive,1RqE-Wf09l7_x2kiApIeSmCi0dT9y6G1K,drive-base64-exact,The even-icosahedral summit campaign — COMPLETE ARCHIVE v2 (2026-08-03/04)
50_code/2026-08_even_icosahedral_closure/TEP_even_icosahedral_V2/crespo_grade/crespo.gp,2026-08-05,2844,4a6ff17d9f6f85360b798a38fa674863d5f6dfe2bd677322580dadca2ce646cd,drive,1E8iy024cG25KwzW6_nTUGVEj6uKDiU52,drive-base64-exact,
50_code/2026-08_even_icosahedral_closure/TEP_even_icosahedral_V2/crespo_grade/crespo2141.gp,2026-08-05,2858,25849b4bff0036d4e7524c39bac0aba0fd80a9e2648f7d68065ea8ba29984f98,drive,1NcWvYGLJKTYQZQ6LIFwu5hMhNIKyuR2P,drive-base64-exact,
50_code/2026-08_even_icosahedral_closure/TEP_even_icosahedral_V2/crespo_grade/crespo_grade.json,2026-08-05,725,f6d5213f16db6bef0c396233cf60d8daa68707292f0baadb64eae29713d38d28,drive,1DcinWzuhiVmfORrs-I0lzp2WhP0H7upz,drive-base64-exact,
50_code/2026-08_even_icosahedral_closure/TEP_even_icosahedral_V2/crespo_grade/crespo_grade_2141.json,2026-08-05,54,dc9aa182060c4fe7a9eb59be96b468c6ce77a61f120f688968f483e155cf3ab5,drive,1afbFvFBfToTVy8KIg9AHGXXUezEfJF1W,drive-base64-exact,
50_code/2026-08_even_icosahedral_closure/TEP_even_icosahedral_V2/crespo_grade/crespo_seal.py,2026-08-05,3863,b623346623d0de88ebb638934b743b18667929aa6cea759e744c2f1a9ec5b424,drive,1TDobPp4SZIrHeVZlmyLPEObk-ibvgx9y,drive-base64-exact,
50_code/2026-08_even_icosahedral_closure/TEP_even_icosahedral_V2/crespo_grade/crespo_signs.txt,2026-08-05,8433,6f485624e940175afe170a688a55cc5439f646f2f0b8061b07e7bc80df1f7b6f,drive,1YOMxrqG8IyQnnrxtOuo8Wjvc3CgU3UYx,drive-base64-exact,3:5:-1
50_code/2026-08_even_icosahedral_closure/TEP_even_icosahedral_V2/crespo_grade/crespo_signs_2141.txt,2026-08-05,8443,1f89cff51d9daf718aa5d515a5dce876997627d28220c2cdc7a83c693b9f907a,drive,1zdnbXn65zNm5c6CaDG8LQ81119yIqT_M,drive-base64-exact,5:5:-1
50_code/2026-08_even_icosahedral_closure/TEP_even_icosahedral_V2/crespo_grade/seal2141.py,2026-08-05,2169,c4f70ebabc0a3a717021e4bf31c78c8b58ca149843e2348e7357c298455f49fa,drive,1KlmRg7LOsl49PTk-7udFS_Nh-guZgvpI,drive-base64-exact,
50_code/2026-08_even_icosahedral_closure/TEP_even_icosahedral_V2/crespo_grade/totpos.gp,2026-08-05,885,b09176f49fdba32c502e570cf95cba99fae7ee37d332a07cc0d4327bf8c2ce7c,drive,1wMo-e_aCgIcIXaBY61jhGqfHmLQxgUWU,drive-base64-exact,
50_code/2026-08_even_icosahedral_closure/TEP_even_icosahedral_V2/datasets/hecke_eigenvalues_doud1951.csv,2026-08-05,9506,bbc42f8e2b12a59e3e65e3b41f5bba9a46bb91ee829be07c168ac582fc5765de,drive,1KmoLW4xK0s5UVnyIvEgyvjwjVgmFvA6x,drive-base64-exact,
50_code/2026-08_even_icosahedral_closure/TEP_even_icosahedral_V2/datasets/hecke_eigenvalues_doud2141.csv,2026-08-05,9675,e75c1a8c2dfc5dfdf4e014af7c7e0b622c50b234b2c8132b430f469756afad31,drive,1ks-OdKWIwlt7t09chqzpbh-gVkJqFcAi,drive-base64-exact,
50_code/2026-08_even_icosahedral_closure/TEP_even_icosahedral_V2/datasets/make_dataset.py,2026-08-05,2344,dfccdd7ef96367641f0ebed808f4ab721e6241292776e2d066bac0520fc1038a,drive,1nPF-w3HiqyZCMUpyIKRAFKwwWgOu7DPT,drive-base64-exact,
50_code/2026-08_even_icosahedral_closure/TEP_even_icosahedral_V2/datasets/verify_dataset.py,2026-08-05,1281,19c41e461b2215acbecb9ea98b4cb3ba1ed7c439c17d5ca188a329c8bace99e5,drive,18H0KYjQn5RZis1QUcWtXDopmhgYU_lq8,drive-base64-exact,
50_code/2026-08_even_icosahedral_closure/TEP_even_icosahedral_V2/hecke_eigenvalues_doud1951.csv,2026-08-05,7535,bb919dee0c7c9b7d9b26b05884e845178ed94fe8147a86404b2ce73b2cf9cbd1,drive,1T0UgVmUemFGAQXLuHzPmJb-eRFpQupB9u1_vWWetda0,drive-sheet-export-csv,
50_code/2026-08_even_icosahedral_closure/TEP_even_icosahedral_V2/hecke_eigenvalues_doud2141.csv,2026-08-05,7439,ecb1aa96a88a90eca49fd54ea44fef4a10fa0a2b5d4b87087f3b89d27d1091d6,drive,1cCzI_wgK3BHXNMQVpkbf6QDwgxifeV-76RvgYrXTbos,drive-sheet-export-csv,
50_code/2026-08_even_icosahedral_closure/TEP_even_icosahedral_V2/instrument/alpha_chars.txt,2026-08-05,244,f4d65339aa0f8a3aa2e64be72069666dd7a5a29a18e029221204960901e72a56,drive,1Pi5APVZQqhqxAYQ5fhCgHbbpshbrpt92,drive-base64-exact,2:-1:0
50_code/2026-08_even_icosahedral_closure/TEP_even_icosahedral_V2/instrument/controls2.json,2026-08-05,875,5e5b3e6cd4161dbe34bbb7df73fda1d506d99cf5e91dc0b0c2fb5cdbb01a360c,drive,1wfaUnVhufgcKYOc46T2OVl8-Zzs3h9Lw,drive-base64-exact,
50_code/2026-08_even_icosahedral_closure/TEP_even_icosahedral_V2/instrument/ctrl_complex.py,2026-08-05,1541,0ce83334c4b7dd344f497e2641c4793c2a6dd14754698c256259ff07d611ddd3,drive,1r4LQDKIrltW5s-2LYtV9_pYCzqBw_WPo,drive-base64-exact,
50_code/2026-08_even_icosahedral_closure/TEP_even_icosahedral_V2/instrument/instr2.py,2026-08-05,16493,e115caa3e54077a4a8a6d606c80789fd1bff92a2f0c472e8a061b69bbaddfb7e,drive,1SYDCAS2Zan-ENBT1nraVK_DUinDfzQxN,drive-base64-exact,
50_code/2026-08_even_icosahedral_closure/TEP_even_icosahedral_V2/instrument/run_controls.py,2026-08-05,6137,3104010380d574edcf83a37d09ffc00ced0a9225019c320fa40bde59bae9d733,drive,11a8INpU5_0OzdLzknSXunRaRpGJRf8fF,drive-base64-exact,
50_code/2026-08_even_icosahedral_closure/TEP_even_icosahedral_V2/klein_budget/klein_budget.gp,2026-08-05,1543,49342750f03ec8f0cda4d5aa9a80f93a34890b505f12116a16c2fa7760aa110d,drive,1cK2hXdylop4fTntGXxvEhVpC3d1i7El3,drive-base64-exact,
50_code/2026-08_even_icosahedral_closure/TEP_even_icosahedral_V2/qualification/AMENDMENT_R1.md,2026-08-05,2988,a66fe127f2a887c5fd5d6a4bb83bd3b7e4dda1b370b5d37a757e86aa24db81f1,drive,1Cs1dQ2xjW66wvGJoo_N0wQ7BHh0eOgGs,drive-base64-exact,AMENDMENT R1 to the resumption pre-registration — staged band decoding — 2026-08-03
50_code/2026-08_even_icosahedral_closure/TEP_even_icosahedral_V2/qualification/classes_planted_2089.txt,2026-08-05,6236,21aa7980093b0437ba0b5d114430b94d910d0ec6f81f8423bfcf567495c52332,drive,19wuT2dxKHvHCRpdiEJjjUTOkUh5SmsoS,drive-base64-exact,2:P
50_code/2026-08_even_icosahedral_closure/TEP_even_icosahedral_V2/qualification/classes_planted_3806549.txt,2026-08-05,20950,503b0a20edbe5d826358b6a280fd00d698005021ccec7edb8f9a5fb7bacd50a9,drive,1cHdz4A-GjEK8FH1Qeo0_uE713uYHwy-2,drive-base64-exact,2:I
50_code/2026-08_even_icosahedral_closure/TEP_even_icosahedral_V2/qualification/classes_planted_40093.txt,2026-08-05,25230,c32a6a4c8ed2e96773cbbb61b6df6fad940daabe71c1d08bb8528acc2c274ac3,drive,1Esiw8WEe4fDlDPdm2T7JnFlUILbwABeZ,drive-base64-exact,2:I
50_code/2026-08_even_icosahedral_closure/TEP_even_icosahedral_V2/qualification/deepen.gp,2026-08-05,1233,58f3d3fb0ec6b0863c0292f27aa3def48ced1c2f31be70070de0f3bacff15abf,drive,1Yz2rImviBCl8VydQ9YtW0j_0N5td-6a4,drive-base64-exact,
50_code/2026-08_even_icosahedral_closure/TEP_even_icosahedral_V2/qualification/kron_2089.txt,2026-08-05,22826,0316c7fe35158f4c4ce18b0bb73b62e7f62d340ad67fbf40b063ddc6d4b98ef6,drive,12s3hWe_QBka1wX-MH_tiUE-E4lktVew4,drive-base64-exact,2:-1:0:0:-1:-1:0:1:0
50_code/2026-08_even_icosahedral_closure/TEP_even_icosahedral_V2/qualification/kron_40093.txt,2026-08-05,85299,2a87e32ad1b9791194b256ac92f021f5c113caf21e050b9073e894d2f43bbeee,drive,118nrbNpakuU-8jJ62k85SdTBVWbR1WlN,drive-base64-exact,2:-1:0:0:-1:-1:0:1:0
50_code/2026-08_even_icosahedral_closure/TEP_even_icosahedral_V2/qualification/planted_gen.gp,2026-08-05,683,3bf9f0bcfa0dab0322f8518436294665d4ab3478aa2af9ea57b6f3322e94a15c,drive,14eG5ardj4u_Cj-aN6ClfS4OCb3iOyCl1,drive-base64-exact,
50_code/2026-08_even_icosahedral_closure/TEP_even_icosahedral_V2/qualification/qualify.py,2026-08-05,3918,c52e92c6ca4f28ff3c77769a5d409c49cd73bd25aa1c10bb6b5e8b3b8132d73e,drive,1O6k-MpSqp4ZWU-FX2CLRX_JuPLtK1n3E,drive-base64-exact,
50_code/2026-08_even_icosahedral_closure/TEP_even_icosahedral_V2/qualification/qualify2.py,2026-08-05,10869,c6a57fa573fdf111e0763c4fe8af52ab8e8b54d055c26c82dcb81f1883c55fa5,drive,1fBQugXBjX6cSLtnAgspiY83qh0A7eF-3,drive-base64-exact,
50_code/2026-08_even_icosahedral_closure/TEP_even_icosahedral_V2/qualification/qualify2_2089_S1.json,2026-08-05,6142,0f892d9018eee9e3a48312f8399825a99279d9b817a5369433c29e35fb4a8385,drive,1M6ZVPc4IBzwUyG048N1SabtKEMuaW6MR,drive-base64-exact,
50_code/2026-08_even_icosahedral_closure/TEP_even_icosahedral_V2/qualification/qualify2_2089_S2.json,2026-08-05,6166,dcaa986ed630cbcb756e4d271f900e0412795a94799ba69f431a1cdea63af4b4,drive,1ugyxm4o6j6yK97qDRDROnONVy86GNvFC,drive-base64-exact,
50_code/2026-08_even_icosahedral_closure/TEP_even_icosahedral_V2/qualification/qualify3.py,2026-08-05,6852,b30c9d02aa369f551e33e418780557ad6c9026c518f992484ae24f6f784372c8,drive,1Ey2CjwF5vAujdmWXMo_6NAQ5qalaRtvH,drive-base64-exact,
50_code/2026-08_even_icosahedral_closure/TEP_even_icosahedral_V2/qualification/qualify3_2089_S1.json,2026-08-05,6187,1ec6d36caa2992345ca6b5bbe0829849e2bc926e6f3073e5df4cbbb2fb6f77e4,drive,1lANJn7lrYSNrVK5H2WZXStDsXqk_c5nf,drive-base64-exact,
50_code/2026-08_even_icosahedral_closure/TEP_even_icosahedral_V2/qualification/qualify4.py,2026-08-05,10931,b10659e73526bbc0f9b9bf875bac2f1edbc8734c3b651207b1c09d04a88b74c5,drive,1UxZ9Xbptk3xtwKBy02c87BglG5KocBLd,drive-base64-exact,
50_code/2026-08_even_icosahedral_closure/TEP_even_icosahedral_V2/qualification/qualify4_2089_S1.json,2026-08-05,6223,6b60273dec745448bb2d706274f859330706671a72484dcabae666e77f935369,drive,1lBNXW610L6S6HIiF3l5CgvsGar8T3MD6,drive-base64-exact,
50_code/2026-08_even_icosahedral_closure/TEP_even_icosahedral_V2/qualification/qualify4_2089_S2.json,2026-08-05,6159,dc5c2309babaa2d0c6cbee0f07b30c983308dd40f62aaa72d72decf4f0cd9129,drive,1Yfyr6heSfOuunFq0duJBuBK3wc1CVJKx,drive-base64-exact,
50_code/2026-08_even_icosahedral_closure/TEP_even_icosahedral_V2/qualification/qualify4_2089_S2ord7.json,2026-08-05,6159,dc5c2309babaa2d0c6cbee0f07b30c983308dd40f62aaa72d72decf4f0cd9129,drive,1Yfyr6heSfOuunFq0duJBuBK3wc1CVJKx,drive-base64-exact,
50_code/2026-08_even_icosahedral_closure/TEP_even_icosahedral_V2/qualification/qualify4_2089_S3.json,2026-08-05,6252,370d4c0232f42c8a5cda6d5fcf19cbabad1d07316d7e10047ae54b18119e7a91,drive,19pQ-WGgLlvyLnma4lt1VzYyqyUHc8uqp,drive-base64-exact,
50_code/2026-08_even_icosahedral_closure/TEP_even_icosahedral_V2/qualification/qualify5.py,2026-08-05,7101,55b8a394b7cfb2d48e1967340aca8e82e526f39f363b3d08e427df1736735e73,drive,17s1TaTaNoMyNYdmXIN9totEKXT6X52mJ,drive-base64-exact,
50_code/2026-08_even_icosahedral_closure/TEP_even_icosahedral_V2/qualification/qualify5_2089_S4_0.json,2026-08-05,13037,11472cbdffea6781c85df75b65721e91e2763510576d116b8497e2d762897ef8,drive,1dRrLS7n6zj6lplQERp9ynvHmFrHdXH7M,drive-base64-exact,
50_code/2026-08_even_icosahedral_closure/TEP_even_icosahedral_V2/qualification/qualify5_2089_S5.json,2026-08-05,6070,4743d01113aca0a23e97b9953b6bf16674797937d6a8480fade5bd0480ac98d6,drive,1glflEwptObap4wBTzLYV7wb9IoWwimeZ,drive-base64-exact,
50_code/2026-08_even_icosahedral_closure/TEP_even_icosahedral_V2/qualification/qualify_2089.json,2026-08-05,3045,6a980bf3e60577419347f850e5e769c1b9c30d088ff7b65dc8dabee7a9110cf8,drive,1zm8VlHpPkG0PnUe8y7FxRn4XoRD6QzFS,drive-base64-exact,
50_code/2026-08_even_icosahedral_closure/TEP_even_icosahedral_V2/qualification/s5.py,2026-08-05,4151,7abdaaf80163920889d642ce80b4ebe086d53f365926903f7717b57dd01b0f6d,drive,1JwC9bw6bqD6G8tRdSaRNgghrnYLYAwJY,drive-base64-exact,
50_code/2026-08_even_icosahedral_closure/TEP_even_icosahedral_V2/qualification/s5_diag.py,2026-08-05,1844,dade8b8939a1941e9d67caf91f95ed631a83034963d8a406d1a562962c7e05ff,drive,1d4AvFxxPNtC9wjl50jBAwxGludPDEz5Q,drive-base64-exact,
50_code/2026-08_even_icosahedral_closure/TEP_even_icosahedral_V2/qualification/scan_rungs.gp,2026-08-05,558,045c806960df7834f7b6cd35b0b573999dc4ac1dfd3d7f8b37971d868f8b4012,drive,13doJy9EJB32-1f2P4AUw4xyZEHHyahyE,drive-base64-exact,
50_code/2026-08_even_icosahedral_closure/TEP_even_icosahedral_V2/records/ONBOARDING_assessor_grounding_20260808.md,2026-08-08,14541,4ab9737f66ddd8b937c6039ce26dc904e1273a4dc08cd310ed6ad97d80d65ff6,drive,1rsb49hp4h7ynGmZY13zNVGrOHy8NFOgi,drive-base64-exact,"ONBOARDING — assessor grounding, read order, and the regression-trap card"
50_code/2026-08_even_icosahedral_closure/TEP_even_icosahedral_V2/records/PROVENANCE_MANIFEST_v6_addendum_20260803.txt,2026-08-03,9686,e824fff92502ee9b1d6029c5d25744565b444c10ef7b77c8008ccf30e7c1136d,drive,1UJNq1KhWJRHTJZP6_0mW2fDNukwSjBSZ,drive-base64-exact,"PROVENANCE MANIFEST — v6 ADDENDUM, 2026-08-03 (resumption session C: retarget + qualified decode + COMMIT)"
50_code/2026-08_even_icosahedral_closure/TEP_even_icosahedral_V2/records/STARTER_PROMPT_TEP_grounding_and_thread_diff_20260815.md,2026-08-15,16525,ed07fb6dfae75eb801d53fcdd1003e6c0507abfe5c0f59d135de4d6c155aeef9,drive,1PY9J7zAq9sjmssiEQjf4H0FUMDhW-FPx,drive-base64-exact,"STARTER PROMPT — TEP grounding, the Langlands-arc corpus, and the cross-thread blindness diff"
50_code/2026-08_even_icosahedral_closure/TEP_even_icosahedral_V2/records/STARTER_next_session_20260803.md,2026-08-03,5107,b3f2ed484ea19bdf41bea24338e81427483f036325a44e57aa1b0cd27251e156,drive,1fri9nFqHAXi8AVIp9ApQwuVLBN9V0tiU,drive-base64-exact,Starter prompt — session following 2026-08-03
50_code/2026-08_even_icosahedral_closure/TEP_even_icosahedral_V2/records/STARTER_next_session_20260804.md,2026-08-04,7933,435ff7f7b78b69f1da36cadb2fc93d9db5f2ec466d186b6d10af5dbf0de113ee,drive,1_p0q_qwaSzk3Udz0n7nrUuJ2Xb1g07sv,drive-base64-exact,Starter prompt — session following 2026-08-04
50_code/2026-08_even_icosahedral_closure/TEP_even_icosahedral_V2/records/STARTER_next_session_20260806.md,2026-08-06,6016,3a33d00803850f9604268159bd008999e38a3f86713069a014793041468a1d8a,drive,1sSEl-v7K_5hl-HQQDhCk01rS3K0SVYgD,drive-base64-exact,"STARTER — next session, from 2026-08-06"
50_code/2026-08_even_icosahedral_closure/TEP_even_icosahedral_V2/records/aside_ruler_heuristic_closure_20260804.md,2026-08-04,2763,4b4d04d0a42981153d1fd2a4dbb31fc46fbf695f91bd59ffccad1545ccfcd8f0,drive,1uhcJ34fq6QFERH6aR4841TehiDZwnhiy,drive-base64-exact,Aside — the 2026-04 ruler heuristic closed into the 2026-08 instrument — 2026-08-04
50_code/2026-08_even_icosahedral_closure/TEP_even_icosahedral_V2/records/asides_consolidation_log_entry_20260803C.md,2026-08-03,6317,0d663211eefdb3ee79f7f29e6e74a1c21800858601250b6ef39de83b31a8c018,drive,1CO_vpYivVbFjb7BcB-0x9KKxFKON-rDu,drive-base64-exact,"2026-08-03 (session C) — Resumption: the conductor-minimal retarget, the qualified solver, and the summit read"
50_code/2026-08_even_icosahedral_closure/TEP_even_icosahedral_V2/records/asides_consolidation_log_entry_20260804D.md,2026-08-04,5438,e8fd8da05ff2121aca692a111f2ee1ad3b6cd1c583833d88ac08f929d904373a,drive,14BtE_JugVL_w5-MOlpJF5BBXQdr1wkTf,drive-base64-exact,"2026-08-04 (session C, late arc) — consolidation of the otherwise-unfiled foundations conversation"
50_code/2026-08_even_icosahedral_closure/TEP_even_icosahedral_V2/records/budget_syzygy_dictionary_20260804.md,2026-08-04,3192,93ff2424f4bef876837ba54ce47e19156ec0b900a49a3ea313f1d9212358d297,drive,1dTfuuPqSGIsgz3hcEQUAV9TBZM187aEY,drive-base64-exact,"The budget-syzygy dictionary (Will's Klein sheet, reconsidered post-wall and machine-verified) — 2026-08-04"
50_code/2026-08_even_icosahedral_closure/TEP_even_icosahedral_V2/records/corr_table_1951.txt,2026-08-04,1566,750496806eb24ea6840c22b6215ef2f54ce55f116abe96fe8e797d71ee66fad0,drive,1c8UkiRyZaC3jameLg_nKZAQtHk-dkE8m,drive-base64-exact,"p:class_label:j5:b_committed:gamma_square(+1/-1):b_constructed_det1:corr:kron(-1951,p)"
50_code/2026-08_even_icosahedral_closure/TEP_even_icosahedral_V2/records/corr_table_2141.txt,2026-08-04,1563,9bad6b2bdac07b379024caf7f79c6f4047a9145f22d52d224159d2ae089649ea,drive,1JY9k4ZfJ1j9qDwHGwITLhdNy9c40NOej,drive-base64-exact,"p:class_label:j5:b_committed:gamma_square(+1/-1):b_constructed_det1:corr:kron(-24,p)"
50_code/2026-08_even_icosahedral_closure/TEP_even_icosahedral_V2/records/countersign_ledger_20260803.md,2026-08-03,4089,61eb5797058ae963b2fd8c20dbca41eb643d7130f8f683811fe471c88732b030,drive,1DNWknXVjhetMogHOvZRibLbw2FwXygu9,drive-base64-exact,"Countersign ledger — consolidated backlog through 2026-08-03 (sessions A, B, C)"
50_code/2026-08_even_icosahedral_closure/TEP_even_icosahedral_V2/records/decode2141_RESULTS_20260804.md,2026-08-04,3453,e6e298fb2c2c4847b5cb43da1ff0869b00f9accee80d0066764415b8394137a2,drive,1KUZ7UOOjCM84czLlPH61mc4rmrcFYO9i,drive-base64-exact,"RESULTS — second summit read: Doud-2141 (even-icosahedral, the corner), decoded on demand — 2026-08-04"
50_code/2026-08_even_icosahedral_closure/TEP_even_icosahedral_V2/records/decode2141_preregistration_20260804.md,2026-08-04,3093,8d940370d7e60ae6d15d92c85b0d53bd0d5a4645e2adfdb0912e61129f00e3e0,drive,1HD2DjBvdR3QJ4dvdi4N7rMvI5QwlqeM2,drive-base64-exact,"PRE-REGISTRATION — second-summit decode: Doud-2141 (even-icosahedral, the corner), with the nebentypus-ORDER axis live — 2026-08-04"
50_code/2026-08_even_icosahedral_closure/TEP_even_icosahedral_V2/records/decode2dim_COMMIT_20260803.md,2026-08-03,9134,37ee30a58e56f5d4a791d681d53fbca6237272b8d893045cdb0025543fca505c,drive,1Q_ClkACDtD5X_-hVLcUnomwDOwF_2WSP,drive-base64-exact,"COMMIT — the 2-dim EVEN-icosahedral decode at N = 1951: 67 sign-bits, parity, orientation, and ε, produced blind and committed under seal — 2026-08-03"
50_code/2026-08_even_icosahedral_closure/TEP_even_icosahedral_V2/records/decode2dim_CRESPO_GRADE_20260804.md,2026-08-04,4849,7733f2c1d5b32cada3f81a9e1b3c7113ab8ffc088bd4613302b29e74a182134d,drive,1zX94JTC5DO46WZTgKobT6Xza_D3kEpmm,drive-base64-exact,"THE CONSTRUCTOR'S GRADE — Crespo-genre spin-lift construction, run openly against both committed decodes: PASS — 2026-08-04"
50_code/2026-08_even_icosahedral_closure/TEP_even_icosahedral_V2/records/decode2dim_RESULTS_20260803.md,2026-08-03,8944,11e715317ba7d8c428723a6914baf073eb2ae5b7d357d5a54ab76e980f7f9b2d,drive,1t3mgrsEgb3dIfXWoS_5s66fEbHJJ_PiM,drive-base64-exact,"RESULTS — the summit read: Hecke sign-bits of the first even-icosahedral 2-dim lift (Doud-1951, N = 1951), decoded blind, certified at 9×10⁻¹⁵, conjugate-replicated, and graded — 2026-08-03"
50_code/2026-08_even_icosahedral_closure/TEP_even_icosahedral_V2/records/decode2dim_RESUMPTION_preregistration_20260803.md,2026-08-03,18783,158da19872c3d47046eb1aa77aa1bbb3b45cd43451a1583cccc9e52699b39b1b,drive,1tXWcnKtClww6lIRBUfGxGayW8hT77wWi,drive-base64-exact,"PRE-REGISTRATION — 2-dim EVEN-icosahedral decode, RESUMPTION: the conductor-minimal retarget (N = 1951, quintic nebentypus), qualified solvers behind the planted bar — 2026-08-03"
50_code/2026-08_even_icosahedral_closure/TEP_even_icosahedral_V2/records/decode2dim_VERIFICATION_addendum_20260804.md,2026-08-04,6010,ae1c964856b7d70f99043b11fab8d8bd01b4cf70a7544d274179729d88aee8e3,drive,1HiZmsTzBn3zUo_iyf2yuBdLuYhwEK4Dl,drive-base64-exact,VERIFICATION ADDENDUM — five adversarial avenues run against the committed summit decode — 2026-08-04
50_code/2026-08_even_icosahedral_closure/TEP_even_icosahedral_V2/records/decode2dim_crossverify_supplement_20260804.md,2026-08-04,4944,24d2d9b1c8151a0d4d0c836d81a14e16b14997f05f73bf1310ee62ad95479e49,drive,1MskGOgQflm_wuY3sRQsGboPYiwLYIfZs,drive-base64-exact,Cross-verification supplement (Will's four items) — 2026-08-04
50_code/2026-08_even_icosahedral_closure/TEP_even_icosahedral_V2/records/erratum_totpos_framing_20260804.md,2026-08-04,1805,dc113ec27241a66fed63fdd5f34388c02e518923aca46e5b3f6cc1655df5f995,drive,1GKOzG8AKtrBWoRKFt8z4il8xJYazCEcd,drive-base64-exact,"Erratum-let — the total-positivity ""falsifiable check"" framing — 2026-08-04"
50_code/2026-08_even_icosahedral_closure/TEP_even_icosahedral_V2/records/totpos_BOTH_stdout.txt,2026-08-04,487,7f9cc7a90de25ff2e9056de478e4312fbafe0edb48baf3ccd55bfee47587559c,drive,1UXk_GanxI62A3zP2odubMAy7zxxhxf-O,drive-base64-exact,Doud-1951: nonvanishing conjugates 60 of 120;  NEGATIVES = 0;  min = 6.6092823889124742379176785107373055699366888096164158959019271923568383032248903 E-5  max 
50_code/2026-08_even_icosahedral_closure/TEP_even_icosahedral_V2/shared_inputs/classesX_doud1951.txt,2026-08-05,26023,a9742b029db0adef9c822d7da92e39e4f2c2f11ecff3adb7844833f4254e3718,drive,1DaxFtvVfCaXqrcyyr4qJgT0PkGxaFySO,drive-base64-exact,2:2
50_code/2026-08_even_icosahedral_closure/TEP_even_icosahedral_V2/shared_inputs/classes_dih229.txt,2026-08-05,6852,f457d5a2d6ff665ef17bd19df3ba7ce70969153488c8abe269ec924e1f6b8a4d,drive,1jANLoLWDATv7Ph_sTG8ouU0wZVMrwjM-,drive-base64-exact,2:I
50_code/2026-08_even_icosahedral_closure/TEP_even_icosahedral_V2/summit_1951/DECODE_COMMIT_bundle.json,2026-08-05,17419,9004e18129d01b1c4fca9e534e49e7c8cb5e890bd9abe4d0e420b4619b3f83f1,drive,1KD2n_g_uTzptZo_6dyX_GCB8tTOmOIj6,drive-base64-exact,
50_code/2026-08_even_icosahedral_closure/TEP_even_icosahedral_V2/summit_1951/chilog_1951.txt,2026-08-05,6096,e8a4846ad03c34f44defcc0e7c4deac193c0ce0ed178bdaef1ebe280c81b54d5,drive,1g-_qXOeiqJnvVbu-O7z4v0OFWhr_79nb,drive-base64-exact,2:4
50_code/2026-08_even_icosahedral_closure/TEP_even_icosahedral_V2/summit_1951/kron_1951.txt,2026-08-05,22354,4b1ef891e0ae81835e4e14248f42a4383f5915a80cfec24358d13ad1bc3986fb,drive,1t91KgFENVy9G1jCZaf8HoYdbbK8C7c3A,drive-base64-exact,2:-1:0:0:-1:-1:0:1:0
50_code/2026-08_even_icosahedral_closure/TEP_even_icosahedral_V2/summit_1951/lint_arms.py,2026-08-05,1180,83a9e7a66aab6e2242d9d6f6d45aa0f5b716d5cbd4065f61da789b0416f85b6f,drive,1YhH46X5XZ41cIXTuNmsFQrTsenxBqlzC,drive-base64-exact,
50_code/2026-08_even_icosahedral_closure/TEP_even_icosahedral_V2/summit_1951/midband_band2.json,2026-08-05,1266,616398cc92a97f06d0774e22108230783cf7c07e2afaa68497c2b66d5fbc8ff6,drive,1q25UCCL8-0Vp8X7z9Py5xsnD04ip5ng5,drive-base64-exact,
50_code/2026-08_even_icosahedral_closure/TEP_even_icosahedral_V2/summit_1951/midband_push.py,2026-08-05,1195,3885a2e1837807fa3ac673dab8c9b7772d405bf85c1ea2f20c75beb87c3d18cc,drive,1G4QEjxpBWpJtRDyB4IkPm5T6ZbOT6wzB,drive-base64-exact,
50_code/2026-08_even_icosahedral_closure/TEP_even_icosahedral_V2/summit_1951/summit.py,2026-08-05,12182,a9b59b7b6274c6f04f942bdd725a2f877d0d4d7e67c8d53e8c0046bd9ce568c7,drive,1NTsjKvIByqJYn3bvrMtGFEhrCEOnp9iG,drive-base64-exact,
50_code/2026-08_even_icosahedral_closure/TEP_even_icosahedral_V2/summit_1951/summit_S5b.json,2026-08-05,932,78e30bd33091dec361834a4ed2c8c3274b0023a863c8a318efdd89040d2846b8,drive,1OiP3gaZLHOOFgtssdaVjHesHelCVtprw,drive-base64-exact,
50_code/2026-08_even_icosahedral_closure/TEP_even_icosahedral_V2/summit_1951/summit_base.py,2026-08-05,2224,aa7e0c65f2e0c63c8be6d866859aba968dbc18991092bdd0266d945adb6c554f,drive,1FLQ07mdHYfjv7Nll6UE9vY3tuBg405YA,drive-base64-exact,
50_code/2026-08_even_icosahedral_closure/TEP_even_icosahedral_V2/summit_1951/summit_base_even.json,2026-08-05,730,821d4fccc45a3aff5bd7603b2928717a0ab84d4cfbcc1d98ce61df09b01dfa36,drive,15eszexTwtEATYVKMjsYXBnNMILTrC1VM,drive-base64-exact,
50_code/2026-08_even_icosahedral_closure/TEP_even_icosahedral_V2/summit_1951/summit_base_evenGS.json,2026-08-05,716,11ccfa193b197d20521e201138103dd50772b48f820768cb36a06d1091fad8c3,drive,1XpWIRwY1maRRkHyY5gr7Gidmli-lxgjD,drive-base64-exact,
50_code/2026-08_even_icosahedral_closure/TEP_even_icosahedral_V2/summit_1951/summit_base_odd.json,2026-08-05,764,47a65100195d1da1e35af5a2fdec54ac0297e9fec9c60456cdbaaab1e17fb9bd,drive,1sfAmsNj4kQvm7PBGHMCbyYL89fuX2X5U,drive-base64-exact,
50_code/2026-08_even_icosahedral_closure/TEP_even_icosahedral_V2/summit_1951/summit_base_oddGS.json,2026-08-05,749,7f45e918f58836a6348be43eec14a4af02d0a403829085efebe4e030618ff50c,drive,1tNyH3vvSa_iGkoTUtKtGN_dtvx5-0KZH,drive-base64-exact,
50_code/2026-08_even_icosahedral_closure/TEP_even_icosahedral_V2/summit_1951/summit_battery.json,2026-08-05,753,3c07d7df9369cf76fb0d65d1eecad6d25124306579af40c44613bf8db3148f51,drive,1aTwmN_S_i2exKnGQ-WqizLPhk4h0-g3E,drive-base64-exact,
50_code/2026-08_even_icosahedral_closure/TEP_even_icosahedral_V2/summit_1951/summit_battery.py,2026-08-05,2929,9b1815784c6e727c6b90ccd9d0fb4053776720ae4cdbf3515fa30fd651872848,drive,1MOuiZJZrcZAHbHmpqQWEx5bPh-8ZWCWG,drive-base64-exact,
50_code/2026-08_even_icosahedral_closure/TEP_even_icosahedral_V2/summit_1951/summit_consensus.json,2026-08-05,4183,25e6d5ec12ff5e6ca04d06eb477d4b647e0f71462ee7f5b8a043af189809dba7,drive,1itUGrGBUqb8Vc2aR075h1KeAtTEZY4va,drive-base64-exact,
50_code/2026-08_even_icosahedral_closure/TEP_even_icosahedral_V2/summit_1951/summit_consensus.py,2026-08-05,4208,dbe76d46c163970e59f00ee098de9927b91430bc81edc8540ea8d33296369c17,drive,1VHvnI0yVzTzMEN0Zxx3ujrfjlXTP-9Rl,drive-base64-exact,
50_code/2026-08_even_icosahedral_closure/TEP_even_icosahedral_V2/summit_1951/summit_evenGS_S2.json,2026-08-05,9672,22746d1f67d78361d8239f613b29c509cf9b891650e00dff0bd3b33f47b13801,drive,10FWHcfTPxnGFBVzLL6rhLZOvILeZm8nn,drive-base64-exact,
50_code/2026-08_even_icosahedral_closure/TEP_even_icosahedral_V2/summit_1951/summit_even_S2.json,2026-08-05,9630,9ea94fc538cb3994c0ce0c1545144572e3f29922781208324b81acdf9a243210,drive,1qWIFJjvEbz9hKaXTdr7o90JGhF3kn1PE,drive-base64-exact,
50_code/2026-08_even_icosahedral_closure/TEP_even_icosahedral_V2/summit_1951/summit_extend.py,2026-08-05,2303,4db2ccf912d52823ce27058aac565ed228badbb9278e7dd20796ed05869416a5,drive,1-5RfBcIZTaUPfrjP_cqQ2oD1AB7XS4Xz,drive-base64-exact,
50_code/2026-08_even_icosahedral_closure/TEP_even_icosahedral_V2/summit_1951/summit_extended.json,2026-08-05,8909,47acf1092809c3b03e9300db180b3fba309d74157465f7a12c462de20da158d0,drive,1aYdXX133gWF0pd-2yM_CltSEOD3nmD9Y,drive-base64-exact,
50_code/2026-08_even_icosahedral_closure/TEP_even_icosahedral_V2/summit_1951/summit_oddGS_S2.json,2026-08-05,9678,280654999a4dd3bf54a1fd6449dd1b960ce001da1fa3c6a527248aec12bd6f47,drive,1DAZgcBES4OeyNOYXxySWC8u6dicJXhEw,drive-base64-exact,
50_code/2026-08_even_icosahedral_closure/TEP_even_icosahedral_V2/summit_1951/summit_odd_S2.json,2026-08-05,9680,adc718dc79c38c5968a0a9f85f5a0a1dcd0de268a4df6b96cfdfdaed112025a5,drive,1MaL5XI-BF13FnzIgJxfjBmdvTZ7ForcM,drive-base64-exact,
50_code/2026-08_even_icosahedral_closure/TEP_even_icosahedral_V2/summit_1951/summit_s5b.py,2026-08-05,3089,5abb9f904fdd386d013f029d659b239e7baaab0bbc071d07da4f2869d81180db,drive,1cCa_KsE0EC1LncDJYmnt8mek_Rs4H30F,drive-base64-exact,
50_code/2026-08_even_icosahedral_closure/TEP_even_icosahedral_V2/summit_2141/battery2141.py,2026-08-05,2163,2fb0c7a0ec5f787438fe40e7b69e98700b6ffe8772c40a702937a99c932de1ed,drive,18YQWLRov_5EaaRhVbYn9mx7tJzBfpE6W,drive-base64-exact,
50_code/2026-08_even_icosahedral_closure/TEP_even_icosahedral_V2/summit_2141/chilog_2141.txt,2026-08-05,20727,236b0b43e160b02a11852576f151bf8f9b728ee3830f630031b96e2275af3a82,drive,1meEZglCV3656I9oWCIUtbCux9PPpx2MW,drive-base64-exact,2:1
50_code/2026-08_even_icosahedral_closure/TEP_even_icosahedral_V2/summit_2141/classesX_2141.txt,2026-08-05,27967,dff663e6086bed80333b700c6adbb47abcb3c815ff685fc39ae71ce26844b90f,drive,1i2W8DyHor9eVGNIglwe97em9MFLTLze6,drive-base64-exact,2:3
50_code/2026-08_even_icosahedral_closure/TEP_even_icosahedral_V2/summit_2141/consensus2141.json,2026-08-05,122,8e0254d5f80fb7f1e015974ed47900cdd0615c636d955b5906e89f216cc285d8,drive,1p3TuUVZFoDxS2vNEuAU7AvRFY_ADESt9,drive-base64-exact,
50_code/2026-08_even_icosahedral_closure/TEP_even_icosahedral_V2/summit_2141/consensus2141.py,2026-08-05,3761,4a8787665fe0471ef84ecedb6ab8188391161d45b1ef1ad1d9ceb402a10966fe,drive,1sXBJt44FTt1GR43DZIw2Q0OtRnhYPh7Y,drive-base64-exact,
50_code/2026-08_even_icosahedral_closure/TEP_even_icosahedral_V2/summit_2141/dbg.gp,2026-08-05,581,599706ac915700db3e3503da555252fe966f15475358815d5c894a92dbb8497a,drive,1yltDxRj-jElpDTuiYMkB71zlmw1ZkxIs,drive-base64-exact,
50_code/2026-08_even_icosahedral_closure/TEP_even_icosahedral_V2/summit_2141/decider2.gp,2026-08-05,2358,ee1849c68e81e205bd48e25472186afe528dbc4c48d9bdc29c17ddcf2c29e4b0,drive,1AjnOFfOGwIruDRYqji1ERb5kMQ_fD7Ok,drive-base64-exact,
50_code/2026-08_even_icosahedral_closure/TEP_even_icosahedral_V2/summit_2141/emit2141.gp,2026-08-05,2479,f5cf04bce4b72c4c591a7bfe82f2c60996cd51ad4cd23b0fbc2e4f10c2fe9563,drive,1BiLJaj7e043Ilulcb00GooJw82NgOkcH,drive-base64-exact,
50_code/2026-08_even_icosahedral_closure/TEP_even_icosahedral_V2/summit_2141/extend2141.gp,2026-08-05,887,1c917f67657acdbb108f80e3f1bbcb7cc433cf83ced0dec56103f1b9a19fa32d,drive,1JNt8pKTAnSwArWvEv4H-DsJHZXWPvsnE,drive-base64-exact,
50_code/2026-08_even_icosahedral_closure/TEP_even_icosahedral_V2/summit_2141/rho3_2141.py,2026-08-05,3380,b870f71bf9c80c86e5a9f6488d06ed26803d2149dd123e1e4e7e6b4f323f641e,drive,1xyXdz9wdBHFSzNtVatolDO-JipD7vp4Z,drive-base64-exact,
50_code/2026-08_even_icosahedral_closure/TEP_even_icosahedral_V2/summit_2141/rho3_2141_recert.json,2026-08-05,81,1caa30f72fb2a39f0d4cef6390beec23c909c54b67972a6109dd22433aad4f49,drive,1bRnfDhXuirihH2BPeHCcXDgzxuFZJizu,drive-base64-exact,
50_code/2026-08_even_icosahedral_closure/TEP_even_icosahedral_V2/summit_2141/s2141lib.py,2026-08-05,1475,1d7f8fdc664f157e52d54d2e9fd21ce9f642f5f500acd1317c4120fdf90668e9,drive,13GVA9yTIOMJYP6axa2tX4HU_S9FXvi84,drive-base64-exact,
50_code/2026-08_even_icosahedral_closure/TEP_even_icosahedral_V2/summit_2141/summit2141.py,2026-08-05,3026,67438aeae8021dea3fbdf8844430c4ee07891d8e1d09723896787eb37f05835b,drive,1JtLCVSGWrwFMnEdPjuviPjdYaiIuzPxL,drive-base64-exact,
50_code/2026-08_even_icosahedral_closure/TEP_even_icosahedral_V2/summit_2141/summit2141_nu10_even_A.json,2026-08-05,811,34cf77ce0943a7cb0c6d97bacff6d5adf68a489e38e823d8bb08094fb96b67f6,drive,1hwzS6CwmJLlGRVtzRVEns7-nVgns8mz_,drive-base64-exact,
50_code/2026-08_even_icosahedral_closure/TEP_even_icosahedral_V2/summit_2141/summit2141_nu10_even_B.json,2026-08-05,782,b50fa6b7ccf7d3d947d02c74cb95c6b869fd82dc9f69ce78c7a11be01e914493,drive,1T7Ym4Br53yqIXk2qCTwLEGfNqLXGVPdQ,drive-base64-exact,
50_code/2026-08_even_icosahedral_closure/TEP_even_icosahedral_V2/summit_2141/summit2141_nu10_odd_A.json,2026-08-05,790,3fa9a89080e39f7ac2f0b30abca07d496c59e021e72e4bfc2850e15cbc11df27,drive,16sTSxugsFENWfW1_t7sR6iLYJEU6XmpK,drive-base64-exact,
50_code/2026-08_even_icosahedral_closure/TEP_even_icosahedral_V2/summit_2141/summit2141_nu10_odd_B.json,2026-08-05,791,20ae7d063250db27bf999d2986162b5d137fb7a2e498c09974a9046aaec522d2,drive,1lzUqXIgT8MmB5WvsF2_8yVr5R1I7dnKy,drive-base64-exact,
50_code/2026-08_even_icosahedral_closure/TEP_even_icosahedral_V2/summit_2141/summit2141_nu5_even_A.json,2026-08-05,809,2c10be4ad4b5b4d2e1c985ef429a792dd25973bd6989f01999efbef52a569d25,drive,1o3MBYGCmjtMOf4Lf_uNr2Qiz2RNRL-tY,drive-base64-exact,
50_code/2026-08_even_icosahedral_closure/TEP_even_icosahedral_V2/summit_2141/summit2141_nu5_even_B.json,2026-08-05,794,16420790c36edd49f83a8bb9dd03051d488cd23dc9beb887870064b6ddb54400,drive,1TrkxXlCR_JkTiRLH_MLSoPUqQkpK4HWS,drive-base64-exact,
50_code/2026-08_even_icosahedral_closure/TEP_even_icosahedral_V2/summit_2141/summit2141_nu5_odd_A.json,2026-08-05,802,4a9f8d3ff5aac451fbdbf591437b6ff9511eb62c3d5db6b57605274db19960d8,drive,12Dag3C4nCL8otgMkGLbnRi-fpDnUV3t1,drive-base64-exact,
50_code/2026-08_even_icosahedral_closure/TEP_even_icosahedral_V2/summit_2141/summit2141_nu5_odd_B.json,2026-08-05,790,58b3b8353b11ce717c14003230722dda0858d666116562fa2eef9747762d261d,drive,1h5rpa_ib_XA6kvEnx6AoK-ZdSbRHAFf_,drive-base64-exact,
50_code/2026-08_even_icosahedral_closure/TEP_even_icosahedral_V2/verification/grade_internal.json,2026-08-05,436,5c239275a5234854264983305a4f4ec57a78100d68db77846cd28931e0f5a2ae,drive,10KvQzdoPnLDfgOFMXgrCsgJfc3hEw0rX,drive-base64-exact,
50_code/2026-08_even_icosahedral_closure/TEP_even_icosahedral_V2/verification/grade_internal.py,2026-08-05,4302,9ce57cf2f249ede4841dc939090a451ee14224058cfe90b80aa5c71a727697bc,drive,1oQncUK0eb9fzk322S8-sULMtHS1ZjqCJ,drive-base64-exact,
50_code/2026-08_even_icosahedral_closure/TEP_even_icosahedral_V2/verification/mp_verify.py,2026-08-05,2560,020b7f815f5a6aed2dda7259fbfd1a6cf5a8a3ae5c5952425880bb1819e017ec,drive,1Pb3adTvSVCirvjiV5OqFNiSnjj5lCKJH,drive-base64-exact,
50_code/2026-08_even_icosahedral_closure/TEP_even_icosahedral_V2/verification/totpos2.gp,2026-08-05,1245,71a82f6712bc6515fb18587ab6d9cf42db691a54eabfa31b6d0b05aafc0de067,drive,1qD7ci52wgOkGC4PP4Xe4COu3RXrSvwMY,drive-base64-exact,
50_code/2026-08_even_icosahedral_closure/TEP_even_icosahedral_V2/verification/verify_det1.py,2026-08-05,3089,bee73a953c54307e1b03835d6060d3120e41f8c3ff587de7ea8e3a6ba8796f5f,drive,1PVOYCQs5S8_lHPiL5wUP4Pbx6im9dYwM,drive-base64-exact,
50_code/2026-08_even_icosahedral_closure/TEP_even_icosahedral_V2/verification/verify_eps_u.py,2026-08-05,2300,708f467dbd048b67c932490ccbec72839fdfc44238ecd7fc8f9a823fcf7570b7,drive,1w6qsP1dZrg320YxEML3WuCHoWckD_05d,drive-base64-exact,
50_code/2026-08_even_icosahedral_closure/TEP_even_icosahedral_V2/verification/verify_holdout.py,2026-08-05,2618,1f6092c2e4b238ee071dd04c394beded6894220e6a6e0e36fa2fe7c8c4271f4a,drive,1RikwdPtYGqbDJ2jI4q2WmNyPUnHqVsrJ,drive-base64-exact,
50_code/2026-08_even_icosahedral_closure/TEP_even_icosahedral_V2/verification/verify_uniq.py,2026-08-05,2107,5c45863ecac04262178cf93783951b86e43bc02d238a455493dad48d74480407,drive,1SkDYnFT9lxPvRe725Ie-2q7XERj81APt,drive-base64-exact,
50_code/2026-08_even_icosahedral_closure/even_icosahedral/coherence_ladder.py,,3274,787c2cdb3f44ee081ae7feee1618b8ab7955c5399479f868245acebf6676c4af,drive,1HmWVDX0pHIh1V084Hr3YsX9SjCuKUZ2o,drive-base64-exact,
50_code/2026-08_even_icosahedral_closure/even_icosahedral/congruence_compass.py,,3429,19bb78632b80e23eabe877dfca57ac6b4412a269c92463efc65a53b03c9b4dc0,drive,1NVrmUDetxWdXUnQCITlRwgE303oDmx-h,drive-base64-exact,
50_code/2026-08_even_icosahedral_closure/even_icosahedral/deep_boundary_meter.py,,5153,94f39a632d1da9881093da759b4c3d7ac07b47bc1315942f18f113da674a514f,drive,1dCdP0bLFrON1L3vAJLv6RweI06LcIBsw,drive-base64-exact,
50_code/2026-08_even_icosahedral_closure/even_icosahedral/deep_boundary_precision.py,,5102,28188e63c2b2fe6f6fb70b6cb5b900c79034ef0715f0c5b3e48f02e9c224cce9,drive,1R_PkDlL8eJYF-7jL0eRZexCq_0TUSQ_0,drive-base64-exact,
50_code/2026-08_even_icosahedral_closure/even_icosahedral/horocycle_fourier.py,,4908,d1986b7ec810f9a1ae8d554b233953a09cf2fdebf9581b21594ef1d119b90643,drive,1Alu7YKZzd5gMVX-od9w3u0LQQ0Q2XWYK,drive-base64-exact,
50_code/2026-08_even_icosahedral_closure/even_icosahedral/lambda_census_run1.py,,3594,9353b05c4b09e7370c73614b0ec2e03b0e5b17ed19fd49ce8679dc111601d17a,drive,1s-VUradgqUkISW7jPT2QiyZe4qWkPgHc,drive-base64-exact,
50_code/2026-08_even_icosahedral_closure/even_icosahedral/lambda_instrument_run1.py,,8854,90fa4e3f0b132d1f9e959e44e3a532aab9e37b27dd76eb863fdc8a1d13fd2d20,drive,1raxmAW-pjXGsSzbv_hyT71CxcE8xWim7,drive-base64-exact,
50_code/2026-08_even_icosahedral_closure/even_icosahedral/lambda_zeros_run1.py,,8037,55acf9bdc5a66ff8bfa21faee64d79b93fa5e3fd058e9e40e9470022fce58079,drive,1DxTEteuobCbs-oDqhKdv5Kw7xDqejbBl,drive-base64-exact,
50_code/2026-08_even_icosahedral_closure/even_icosahedral/m_regime.py,,2211,9ae41bc591d8bee67de3acfebff9b135f7237e990a523b8f1b193dfec4148587,drive,1jtPYm4uZLs2oTXDAQQmWHggLsKw84Uno,drive-base64-exact,
50_code/2026-08_even_icosahedral_closure/tomography/circle_tomography_lemmas.py,,2684,3ba6dd5f7be0f3ee4345af48787dd192a8c4909fb211273750221620626922b0,drive,1ldwYQFyYgj3G043n5j-qA_7sBU0E9aeH,drive-base64-exact,
50_code/2026-08_even_icosahedral_closure/tomography/ptest_rapidity_sampling.py,,3450,eb0bedc936d0915c7f2b2563671f7aaab75194b6d2b2824afef9db9c63fe4d37,drive,1raKt7-Bzn-zBuyd1SU0BxfQYfVd_H596,drive-base64-exact,
50_code/2026-08_even_icosahedral_closure/tomography/qtest_matched_basis.py,,3374,154e9608dbca6d33b4e5c37cc44f2827286e32356fad80e83972c69a92d7182d,drive,1nz59wheCJqteckZQGFs6whZepHDz8Y8a,drive-base64-exact,
50_code/2026-09-04_expedition/03_scripts_and_outputs/adjoint_L.gp,,527,fe89f79b93407c404eaa68d7b2e9af6521f9250ba51ef54cd6b70dfa39c7b41b,session-workspace,,session-file,
50_code/2026-09-04_expedition/03_scripts_and_outputs/adjoint_L_and_RS_constant.py,,5336,b8792d20fae66965089ea4653b16f8ebe6809c96f8363291b34dbdda32305bbc,session-workspace,,session-file,
50_code/2026-09-04_expedition/03_scripts_and_outputs/adjoint_L_and_RS_constant_2141.py,,5366,92426d75e6c541196a45e7f9bbeaf05ac46c73f0fa866097d989d7fc0957b557,session-workspace,,session-file,
50_code/2026-09-04_expedition/03_scripts_and_outputs/adjoint_L_gp_output.txt,,413,9b8ddbd94b7010c5190cfa4caf0cd530c14c50b05ee7d6862ee1693ccf909785,session-workspace,,session-file,***   Warning: new stack size = 1000000000 (953.674 Mbytes).
50_code/2026-09-04_expedition/03_scripts_and_outputs/adjoint_L_gp_output_2141.txt,,413,10d21faf617423df8b4d81240f7861298645bacaa198461188ae5d5e80c094f0,session-workspace,,session-file,***   Warning: new stack size = 1000000000 (953.674 Mbytes).
50_code/2026-09-04_expedition/03_scripts_and_outputs/certificate_mpmath_pass.py,,4085,91a0b8962f99810547d635a515d929315217c76176fccf2590a0b69d449860b0,session-workspace,,session-file,
50_code/2026-09-04_expedition/03_scripts_and_outputs/certificate_mpmath_results.tsv,,268,40c8103e7efd393dd68adc0a16acb21aa99ba898b7ce9dd096384204f55e843b,session-workspace,,session-file,
50_code/2026-09-04_expedition/03_scripts_and_outputs/certificate_results.tsv,,20844,9212823a1a2c68adc042ca6b3ad58468a7d06a4a819ee6518c85e3a3bf1be3ee,session-workspace,,session-file,
50_code/2026-09-04_expedition/03_scripts_and_outputs/certificate_results_2141.tsv,,22892,d428f2cb848d89b5dfaa5c68d0a41d5a0f8186f9249d8c9b4fa38b500ee4c775,session-workspace,,session-file,
50_code/2026-09-04_expedition/03_scripts_and_outputs/complete_generator_certificate.py,,6193,713d98110055830ae68101cb1f3bdea4365ca3666b2b5381e57949c88372f043,session-workspace,,session-file,
50_code/2026-09-04_expedition/03_scripts_and_outputs/complete_generator_certificate_2141.py,,6208,73ffc2dbf47784a492d0f4441e21a346375394f117a81c56619e23fe8808758b,session-workspace,,session-file,
50_code/2026-09-04_expedition/03_scripts_and_outputs/heilbronn_coin.py,,9317,8ba53a559c7d66d7dde697d4ae7834f305d5b57b0011c0ba0a2b6480fe13dee2,session-workspace,,session-file,
50_code/2026-09-04_expedition/03_scripts_and_outputs/heilbronn_coin_output.txt,,4597,16c11555111075b811672e6cf94614dc40da0b080e81f5e3b7015bcf43313b5a,session-workspace,,session-file,"classes: 9 sizes: [1, 12, 20, 12, 30, 12, 20, 12, 1] orders: [2, 5, 3, 10, 4, 5, 6, 10, 1]"
50_code/2026-09-04_expedition/04_generators/generators_1951.txt,,13594,f91837bdddab1215e0140e10fb70b6a1c58fbb62beefde02e104f57d441c04fa,session-workspace,,session-file,-1 -1 0 -1
50_code/2026-09-04_expedition/04_generators/generators_2141.txt,,15008,46cd7a0071e0c2f7fba2c8fddb4d018588071c2841be8621879f668662cf54e2,session-workspace,,session-file,-1 -1 0 -1
50_code/2026-09-04_expedition/04_generators/gens2.gp,,393,b5536f95295eb3555235ccf752ba710f7dd8ed2add268e823ca63ac7dc3070ee,session-workspace,,session-file,
50_code/2026-09-04_expedition/04_generators/gens2141.gp,,415,5e7f6d5710ddf59e7e391cd5f499db1433d23584fdb02474ecd81c6c1da9ff4c,session-workspace,,session-file,
50_code/2026-09-04_expedition/MANIFEST_SHA256_bundle_20260904.txt,2026-09-04,4946,83ef6f43d725a2620781e4959c14ea2e47805c7087d75aeadf2231e2304437e3,session-workspace,,session-file,"PROVENANCE MANIFEST — deposit_bundle_20260904 — assembled 2026-09-12 by the council orchestrator (Claude, claude-fable-5-1) on Will Copeland's delegation; per-file SHA-256, paths relative to deposit_b"
50_code/2026-09-04_expedition/README_BUNDLE_20260904.md,2026-09-04,4318,11b1df80c49b45f9e21fce0bc22a52972542ba62d8af536d07c38af61cf3ef39,session-workspace,,session-file,"DEPOSIT BUNDLE — the 2026-09-04 session: structural dialogue, expedition, council handshake — assembled 2026-09-12"
50_code/README.md,,2019,3a4b16b3468b884265d583410abef0d1a6abd96dd92928abc22f92b751094404,this-commit,,written-2026-09-12,50_code — Instruments
60_data/DATA_MANIFEST.md,,3080,eafd4d0615b59088f8b007d18712a2bf798bffe8e69c09106ccaa61569d878a5,this-commit,,written-2026-09-12,Data Manifest
60_data/hecke_eigenvalues_doud1951.csv,,9408,ce069d8d035004681e0e61507aa87ddc2dbb5efcee6c29aeb429467c13e8bab0,project:cleanroom/hecke_eigenvalues_doud1951.csv,,project-mirror-exact,
60_data/hecke_eigenvalues_doud1951_to1e5.csv,,1154834,268f47749866fc4c911be298dad3248fd6da643d8a050deaf6a101f3bbb835f9,project:cleanroom/hecke_eigenvalues_doud1951_to1e5.csv,,project-mirror-exact,
60_data/hecke_eigenvalues_doud2141.csv,,9575,7f56256b03020f65cde1dff6a7460e8e912ffe96a6b1fae31386909c558d49ef,project:cleanroom/hecke_eigenvalues_doud2141.csv,,project-mirror-exact,
60_data/hecke_eigenvalues_doud2141_to1e5.csv,,1154747,5a433b2d60a6f27ef0bdb115575f3dee99f605ee46933edb1a9bb8f6df25f159,project:cleanroom/hecke_eigenvalues_doud2141_to1e5.csv,,project-mirror-exact,
EXTERNAL_REFS.md,,3715,c0e4f8a7501a1a4d3d61372879da2f6ae0d0d05edd22eb3c6497bc88ee2dadd4,this-commit,,written-2026-09-12,External reference papers — index (not mirrored)
README.md,,27138,b50189363dffdac8315d4437eea93fe10a67f5bd6aabb4174f4e5ac33bb6a355,this-commit,,written-2026-09-12 (license and state sections revised in the deposit-prep commit),The TEP Archive
20_records/cleanroom/cleanroom/FILING_record_archive_layer_20260912.md,2026-09-12,4568,be683ef90c7423c71d9ea8e4debb66b7d80ef7949b13ed6cdf0125e30c653b9d,project:cleanroom/FILING_record_archive_layer_20260912.md,,project-mirror-exact,FILING RECORD — Drive deposit of the 2026-09-04 thread and the GitHub archive layer 2026-07-25 → 2026-09-12
20_records/cleanroom/cleanroom/NOTE_will_on_assessment_practice_20260912.md,2026-09-12,4639,e2d2bf632267c9b38a17f62ad05f8b44759bb72a7396edbbb882e7fe7f715cb3,project:cleanroom/NOTE_will_on_assessment_practice_20260912.md,,project-mirror-exact,NOTE — Will's statement for the record on the corpus's assessment practice
20_records/cleanroom/cleanroom/RESULT_heilbronn_certificate_statement_errata_citation_cards_20260912.md,2026-09-12,16150,8b27dd68eb92eac2102fff63ffd91d59351359701fdace74a697df2e141f9055,project:cleanroom/RESULT_heilbronn_certificate_statement_errata_citation_cards_20260912.md,,project-mirror-exact,RESULT — exact certificate for the Heilbronn bound; errata to the 2026-09-04 generator record; citation cards for the deposit statement
20_records/cleanroom/cleanroom/STATEMENT_even_icosahedral_1951_2141_DRAFT_v2_for_countersign_20260912.md,2026-09-12,28582,19673982870486f4e1df7442ed68a4747c02f55cfb30cc3478ab9a3c8297a7a8,project:cleanroom/STATEMENT_even_icosahedral_1951_2141_DRAFT_v2_for_countersign_20260912.md,,project-mirror-exact,"Even icosahedral Artin representations of conductors 1951 and 2141 — statement of what is deposited and what is claimed — DRAFT v2 for countersign (offered, not signed)"
LICENSE,,17022,4c3c0cad4496cdf420b45909eeba725243fb7709878fc1f8dff9e39357773b46,"spdx-license-list (npm) canonical text, SPDX id CC-BY-4.0",,written-2026-09-12,"Creative Commons Attribution 4.0 International — legal code (documents, records, data)"
LICENSE-MIT,,1710,323828fef98f3b66e0b7958bc94a430f49455b44b1dcc34457ae586f666e730a,"spdx-license-list (npm) canonical text, SPDX id MIT, with scope preamble",,written-2026-09-12,MIT License — source code (50_code/ and all script files)
50_code/LICENSE,,1710,323828fef98f3b66e0b7958bc94a430f49455b44b1dcc34457ae586f666e730a,copy of LICENSE-MIT,,written-2026-09-12,MIT License — copy placed on the code shelf
.zenodo.json,,5240,812267adae99611378d03bd362de10cfca5777ad5803b3d18d01ef752da72253,this-commit,,written-2026-09-12,"Zenodo deposit metadata for the GitHub-release integration (title, creator, CC BY 4.0, description, keywords)"
CITATION.cff,,1620,cdd5c02cf3f507198895d678c2b34068d3792cad4255c8a7b8e142bcbbefef7b,this-commit,,written-2026-09-12,Citation File Format metadata (DOI to be added after minting)
